<PRESENS><Admin><ProjectName>24C_calibration_may262016</ProjectName><FileName>24C_calibration_may262016.xml</FileName><UserComment>0</UserComment><MIOMReport>@m01:IDENTIFICATION

Serial number     : SEBX0006000477      

MUX channel       : ON - 01


PARAMETERS

Sig LED current   : 040

Ref LED current   : 095

Frequency         : 060

Sending interval  : 0000

Pulse lenght      : 06

Red REF comp.     : ON

Temperature comp. : ON


FIRMWARE

ver.4.039.A3.ST   : 04/30/07, 09:14:36

@m01:RDY


</MIOMReport><MIOM-NO>01</MIOM-NO><MIOM-SERIAL-NO>SEBX0006000477</MIOM-SERIAL-NO><DataFolder>C:\Users\Mary\Desktop\Joey Resp\24C_calibration_may262016</DataFolder><Element>OXY</Element><sBatchNo>PSt5-1429-01_25°C</sBatchNo><sCurrentUser>admin</sCurrentUser><OXYCalibration><PhaseAngleCal0>54.25</PhaseAngleCal0><PhaseAngleCal100>46.84</PhaseAngleCal100><TempCal0>24.3</TempCal0><TempCal2nd>24.3</TempCal2nd><O2_2ndAirSat>100.0</O2_2ndAirSat><MeasTemperature>24.0</MeasTemperature><AirPressure>976.0</AirPressure></OXYCalibration><pHCalibration><ØMin>0.0</ØMin><ØMax>0.0</ØMax><pH0>0.0</pH0><dpH>0.0</dpH><AutoZero>F</AutoZero></pHCalibration><REDReference>N</REDReference><REDReferenceDATE>12:00:00 AM</REDReferenceDATE><WHITEReference>N</WHITEReference><WHITEReferenceDATE>12:00:00 AM</WHITEReferenceDATE><StartDate> 5/26/2016 4:07:58 PM</StartDate><StopDate> 5/26/2016 6:32:41 PM</StopDate><INTERVAL>0;15</INTERVAL></Admin><CHDetails><CH01 SN="0"><FileCount>01</FileCount><CHFileName>\MIOM-01-CH-01-FNO-01.dat</CHFileName><TotRecCount>578</TotRecCount></CH01><CH02 SN="0"><FileCount>01</FileCount><CHFileName>\MIOM-01-CH-02-FNO-01.dat</CHFileName><TotRecCount>578</TotRecCount></CH02><CH03 SN="0"><FileCount>01</FileCount><CHFileName>\MIOM-01-CH-03-FNO-01.dat</CHFileName><TotRecCount>578</TotRecCount></CH03><CH04 SN="0"><FileCount>01</FileCount><CHFileName>\MIOM-01-CH-04-FNO-01.dat</CHFileName><TotRecCount>578</TotRecCount></CH04><CH05 SN="0"><FileCount>01</FileCount><CHFileName>\MIOM-01-CH-05-FNO-01.dat</CHFileName><TotRecCount>578</TotRecCount></CH05><CH06 SN="0"><FileCount>01</FileCount><CHFileName>\MIOM-01-CH-06-FNO-01.dat</CHFileName><TotRecCount>578</TotRecCount></CH06><CH07 SN="0"><FileCount>01</FileCount><CHFileName>\MIOM-01-CH-07-FNO-01.dat</CHFileName><TotRecCount>578</TotRecCount></CH07><CH08 SN="0"><FileCount>01</FileCount><CHFileName>\MIOM-01-CH-08-FNO-01.dat</CHFileName><TotRecCount>578</TotRecCount></CH08><CH09 SN="0"><FileCount>01</FileCount><CHFileName>\MIOM-01-CH-09-FNO-01.dat</CHFileName><TotRecCount>578</TotRecCount></CH09><CH10 SN="0"><FileCount>01</FileCount><CHFileName>\MIOM-01-CH-10-FNO-01.dat</CHFileName><TotRecCount>578</TotRecCount></CH10><CH11 SN="0"><FileCount>01</FileCount><CHFileName>\MIOM-01-CH-11-FNO-01.dat</CHFileName><TotRecCount>578</TotRecCount></CH11><CH12 SN="0"><FileCount>01</FileCount><CHFileName>\MIOM-01-CH-12-FNO-01.dat</CHFileName><TotRecCount>578</TotRecCount></CH12><CH13 SN="0"><FileCount>01</FileCount><CHFileName>\MIOM-01-CH-13-FNO-01.dat</CHFileName><TotRecCount>578</TotRecCount></CH13><CH14 SN="0"><FileCount>01</FileCount><CHFileName>\MIOM-01-CH-14-FNO-01.dat</CHFileName><TotRecCount>578</TotRecCount></CH14><CH15 SN="0"><FileCount>01</FileCount><CHFileName>\MIOM-01-CH-15-FNO-01.dat</CHFileName><TotRecCount>578</TotRecCount></CH15><CH16 SN="0"><FileCount>01</FileCount><CHFileName>\MIOM-01-CH-16-FNO-01.dat</CHFileName><TotRecCount>578</TotRecCount></CH16><CH17 SN="0"><FileCount>01</FileCount><CHFileName>\MIOM-01-CH-17-FNO-01.dat</CHFileName><TotRecCount>578</TotRecCount></CH17><CH18 SN="0"><FileCount>01</FileCount><CHFileName>\MIOM-01-CH-18-FNO-01.dat</CHFileName><TotRecCount>578</TotRecCount></CH18><CH19 SN="0"><FileCount>01</FileCount><CHFileName>\MIOM-01-CH-19-FNO-01.dat</CHFileName><TotRecCount>578</TotRecCount></CH19><CH20 SN="0"><FileCount>01</FileCount><CHFileName>\MIOM-01-CH-20-FNO-01.dat</CHFileName><TotRecCount>578</TotRecCount></CH20><CH21 SN="0"><FileCount>01</FileCount><CHFileName>\MIOM-01-CH-21-FNO-01.dat</CHFileName><TotRecCount>578</TotRecCount></CH21><CH22 SN="0"><FileCount>01</FileCount><CHFileName>\MIOM-01-CH-22-FNO-01.dat</CHFileName><TotRecCount>578</TotRecCount></CH22><CH23 SN="0"><FileCount>01</FileCount><CHFileName>\MIOM-01-CH-23-FNO-01.dat</CHFileName><TotRecCount>578</TotRecCount></CH23><CH24 SN="0"><FileCount>01</FileCount><CHFileName>\MIOM-01-CH-24-FNO-01.dat</CHFileName><TotRecCount>578</TotRecCount></CH24></CHDetails></PRESENS>
