"","ssq","phosphorus","temperature","transformedtemperature","r","K","a","eps","m"
"1",0,"DEF",12,-40.6835983666349,10,49570334799047.9,1000,2.83815332518409e-12,1
"2",172.54878284643,"DEF",12,-40.6835983666349,1.41130076283167,53330724340319.9,751.498075247876,8.61104571339201e-12,0.940953741396438
"3",0,"DEF",12,-40.6835983666349,8.75021775989222,1e+14,449.337780441635,1e-11,1
"4",0,"DEF",12,-40.6835983666349,8.01570334469434,56360772899305.4,537.862851028331,5.06609404733549e-12,0.965699391313829
"5",0,"DEF",12,-40.6835983666349,8.34445198776666,41596482910274.1,849.527494027279,1.173369287209e-12,0.962666915701935
"6",0,"DEF",12,-40.6835983666349,8.79006757934112,30808737383468.5,259.353254339658,2.75189876712174e-12,0.9774688029713
"7",127.033356455735,"DEF",12,-40.6835983666349,1.77072021349121,4221765958137.45,114.37789557519,1e-16,0.0233492152601183
"8",127.033389896953,"DEF",12,-40.6835983666349,0.12550236299082,59991150831306,214.341636708363,1e-16,0.0233493039571109
"9",0,"DEF",12,-40.6835983666349,2.69640545423608,21429280410993.4,972.335509723052,7.82295274650739e-12,0.64043125972664
"10",0,"DEF",12,-40.6835983666349,6.84768789852969,68828673921884,527.818424813449,4.85966996236281e-12,0.407728610462742
"11",127.033366290369,"DEF",12,-40.6835983666349,0.100338383055984,17700153700276.6,796.916548919436,1e-16,0.023349227983777
"12",0,"DEF",12,-40.6835983666349,6.03568858609069,71654974858539.6,339.243855676614,2.96916352704794e-12,0.826118931654608
"13",0,"DEF",12,-40.6835983666349,3.32591624378692,33515558253524.4,661.569548188709,8.28475703947733e-12,0.631386513039237
"14",0,"DEF",12,-40.6835983666349,10,1e+14,824.497391617407,1e-11,1
"15",171.14318797751,"DEF",12,-40.6835983666349,1.92671974816046,74672146860857.9,662.085888906573,5.71953581886962e-12,0.644366748731535
"16",127.033387827058,"DEF",12,-40.6835983666349,9.7846207059496,88235338028372.4,457.286387573309,1e-16,0.0233492851656724
"17",0,"DEF",12,-40.6835983666349,6.65122278344352,21571471138268.2,802.498384844512,2.91230787222811e-12,0.590615232298849
"18",127.0333640945,"DEF",12,-40.6835983666349,0.1,27673397357336.3,846.337594571332,1e-16,0.0233492214739036
"19",127.033392653144,"DEF",12,-40.6835983666349,0.488088389589869,3601674576363.76,150.036974494557,1e-16,0.0233492961371056
"20",0,"DEF",12,-40.6835983666349,2.67333773691207,84404347802398.3,451.442901138216,1.98193581464661e-12,0.814942574640969
"21",0,"DEF",12,-40.6835983666349,8.02488519472486,25301306448611.8,664.255766794118,4.35485788252992e-12,0.294904200671092
"22",127.033376588357,"DEF",12,-40.6835983666349,0.380447319827142,99976888554653.8,643.919902122432,1e-16,0.0233495287261554
"23",169.805870693063,"DEF",12,-40.6835983666349,1.65938854052693,96340151488868.6,554.963801792408,9.9601190284626e-12,0.490410761286686
"24",0,"DEF",12,-40.6835983666349,4.31664399360307,72871660091574.3,777.031000307761,5.08604780648607e-12,0.450146042214474
"25",0,"DEF",12,-40.6835983666349,2.252072830662,77085067872883.8,689.50330057662,1e-11,0.72270161273023
"26",127.033388077298,"DEF",12,-40.6835983666349,0.1,54972482667860.4,382.042596033007,1e-16,0.0233492854480828
"27",0,"DEF",12,-40.6835983666349,5.26846106108278,70207020027374.4,492.824872373603,6.0928503709093e-12,0.708246418139664
"28",127.033392688057,"DEF",12,-40.6835983666349,4.73405312649465,30493984381427.7,149.990843545082,1e-16,0.0233493456526888
"29",127.033368948641,"DEF",12,-40.6835983666349,9.49939873595421,23453778510858.3,748.222660451456,1e-16,0.0233490844556328
"30",0,"DEF",12,-40.6835983666349,4.93594237940852,55442790521695.3,482.812990783714,6.70274320000722e-12,0.888546538106632
"31",127.033359537959,"DEF",12,-40.6835983666349,1.10640784805255,27856944816578.9,987.488122674422,1e-16,0.0233492098764511
"32",0,"DEF",12,-40.6835983666349,8.46033881958574,80467631138754.1,211.232928442769,7.54138278026634e-12,0.659869815067155
"33",0,"DEF",12,-40.6835983666349,4.1795414408436,25180326453154,334.953858074732,5.52980701561242e-12,0.732448618558236
"34",0,"DEF",12,-40.6835983666349,3.12822082939092,12915012696266.6,716.363433073275,6.08469858360407e-12,0.581349486055784
"35",170.500617185803,"DEF",12,-40.6835983666349,1.7904731099707,6940324193194.21,222.115948553632,7.16834551162964e-12,0.559306921823497
"36",127.033359218139,"DEF",12,-40.6835983666349,0.337172579775328,1e+10,1000,1e-16,0.0233491987169406
"37",0,"DEF",12,-40.6835983666349,9.52988867610693,89358207297574.3,889.545405656099,1.76179358544983e-12,0.273588915561791
"38",127.033356479438,"DEF",12,-40.6835983666349,0.1,58547089330603.5,114.063337094524,1e-16,0.0233491996237275
"39",0,"DEF",12,-40.6835983666349,8.72755603127244,71764633695533.5,717.641845800385,5.95906392359844e-12,0.445475447729437
"40",0,"DEF",12,-40.6835983666349,7.1300519177923,5944819267040.58,624.989263759926,5.76912699416957e-12,0.978096831022296
"41",127.033359221575,"DEF",12,-40.6835983666349,0.1,88120172496145.6,1000,1e-16,0.0233491990707413
"42",0,"DEF",12,-40.6835983666349,8.45096433102153,88245606557102.9,685.192449041642,4.86987201253015e-12,0.572540226046229
"43",0,"DEF",12,-40.6835983666349,6.83503263792954,98741099738427.4,997.84928788431,5.34957525465155e-12,0.844461078356253
"44",127.033363769515,"DEF",12,-40.6835983666349,7.27481490201329,95595516908980.8,855.184701665012,1e-16,0.0233492064538299
"45",0,"DEF",12,-40.6835983666349,4.90069801047996,93604283814195.1,1000,9.17724048692947e-12,0.659290275384354
"46",0,"DEF",12,-40.6835983666349,10,1e+14,1000,9.77134416096033e-12,1
"47",127.03336414829,"DEF",12,-40.6835983666349,8.15912562330408,15062906454819.3,845.825901889399,1e-16,0.0233491652540623
"48",127.033359234056,"DEF",12,-40.6835983666349,5.12950770301804,9504157360169.23,1000,1e-16,0.0233491987521734
"49",0,"DEF",12,-40.6835983666349,7.58709224245977,69880299853736.1,427.129347599111,4.77961166440833e-12,0.727864418040961
"50",127.033389266235,"DEF",12,-40.6835983666349,1.89893836811483,60573351243747.2,245.711992765867,1e-16,0.0233492820540439
"51",127.033359220058,"DEF",12,-40.6835983666349,0.134091256078285,1e+10,1000,1e-16,0.0233491990497777
"52",0,"DEF",12,-40.6835983666349,6.22380279280121,3379580452896.14,492.302999295999,1e-11,0.58008745267434
"53",127.033363551686,"DEF",12,-40.6835983666349,9.57384857831436,62038823439114.1,860.994549753292,1e-16,0.0233492263340048
"54",0,"DEF",12,-40.6835983666349,7.53442899314687,4286115433017.26,294.401221885346,2.91898404023633e-12,0.286932796003995
"55",127.033387856652,"DEF",12,-40.6835983666349,4.27821299805206,13659330046597.3,445.631618170689,1e-16,0.0233494065453058
"56",127.033356470592,"DEF",12,-40.6835983666349,0.422460712849746,85744584587510.5,114.150854052495,1e-16,0.0233492060514214
"57",127.033359221575,"DEF",12,-40.6835983666349,0.100062796832115,1e+14,1000,1e-16,0.0233491990880871
"58",127.033373951067,"DEF",12,-40.6835983666349,0.799032251813203,96951160860153.5,674.641974845057,1e-16,0.0233493552718311
"59",127.033388574316,"DEF",12,-40.6835983666349,0.325011888061877,9104131612593.02,302.670579131307,1e-16,0.0233492855471055
"60",0,"DEF",12,-40.6835983666349,10,72830853662907.3,1000,6.95275532870451e-13,1
"61",127.033356464811,"DEF",12,-40.6835983666349,0.1,8232471946548.71,114.153978544202,1e-16,0.0233492003418117
"62",0,"DEF",12,-40.6835983666349,6.27047695752699,94524479367164.9,387.731383321807,9.33229731579747e-12,0.46228188009304
"63",127.033388333113,"DEF",12,-40.6835983666349,9.23383693545617,26301062953787.9,335.435512378158,1e-16,0.0233492869647317
"64",0,"DEF",12,-40.6835983666349,8.5621372794034,67615024915884.7,376.307569094934,3.74854408453035e-12,0.893995789661305
"65",0,"DEF",12,-40.6835983666349,10,16353584409199.1,355.59062701614,5.14277116417297e-12,0.743292861032685
"66",127.033391615749,"DEF",12,-40.6835983666349,8.04640008450421,89245953421276.1,167.717670151217,1e-16,0.0233492551679208
"67",0,"DEF",12,-40.6835983666349,5.18518167305738,87812814204937.3,832.840378745459,1.5647798668521e-12,0.34305639254977
"68",0,"DEF",12,-40.6835983666349,7.79622420088854,68179660546253.4,444.268011511303,9.90483342842525e-12,0.811073201165767
"69",0,"DEF",12,-40.6835983666349,8.05150811869952,74846258872457.1,169.047838227459,2.62473257077109e-12,0.57491365110202
"70",0,"DEF",12,-40.6835983666349,3.22548568395432,73764657909176.3,381.108099408448,9.64362499917457e-12,0.785233732646331
"71",0,"DEF",12,-40.6835983666349,6.06381639214233,23860323129387.1,986.670380504802,2.92895319456812e-12,0.720189774117433
"72",0,"DEF",12,-40.6835983666349,10,97446140032169,100,4.38897996490948e-12,0.748155243971267
"73",0,"DEF",12,-40.6835983666349,9.93886047902051,55094900592740.2,684.37992578838,7.77446651293228e-12,0.871105931689497
"74",127.033372972457,"DEF",12,-40.6835983666349,1.86072969666484,79523344770561.4,687.308566058057,1e-16,0.0233493676497134
"75",127.03335922038,"DEF",12,-40.6835983666349,0.100072123152118,1e+10,1000,1e-16,0.0233491991809221
"76",127.033354440292,"DEF",12,-40.6835983666349,3.08442564695693,1e+10,157.28561461751,1e-16,0.0233492003332372
"77",0,"DEF",12,-40.6835983666349,8.36338118441924,96307100468015.7,768.375096992353,6.43688742389082e-12,0.841067268495744
"78",127.033356455554,"DEF",12,-40.6835983666349,0.547637573920613,69720766888344.5,114.256914405583,1e-16,0.0233491982238091
"79",0,"DEF",12,-40.6835983666349,10,45884257472913.2,667.43466392536,3.92238279203674e-12,0.665400942981027
"80",0,"DEF",12,-40.6835983666349,7.41069040116854,88737845966145.4,205.543712084182,9.02778830067071e-12,0.576238235408673
"81",127.033389248013,"DEF",12,-40.6835983666349,6.46472691413045,57984950409074.4,247.318422689543,1e-16,0.0233492935594108
"82",127.033392405011,"DEF",12,-40.6835983666349,6.52804615198803,26254191541906,154.232751097068,1e-16,0.0233492201734979
"83",127.033392665516,"DEF",12,-40.6835983666349,0.1,10000000000.0022,149.77756832661,1e-16,0.0233493122226484
"84",0,"DEF",12,-40.6835983666349,5.76439836241771,7067487552294.04,747.924307617359,2.14330485227089e-12,0.63786210011784
"85",0,"DEF",12,-40.6835983666349,10,1e+14,832.950111246494,1e-11,1
"86",127.03338995281,"DEF",12,-40.6835983666349,7.8813420420276,36627037314747.9,212.937334097218,1e-16,0.0233492951561162
"87",0,"DEF",12,-40.6835983666349,3.09675094229169,72929118112204.6,809.406211110763,1.24465383426633e-12,0.964878749246476
"88",0,"DEF",12,-40.6835983666349,4.72488724848698,7701375433707.14,366.981906479402,4.64199630940072e-12,1
"89",0,"DEF",12,-40.6835983666349,7.211515694228,19586895154698.3,275.533810351044,5.65407362021117e-12,0.647113921195036
"90",0,"DEF",12,-40.6835983666349,9.27018882934479,2867225914322.57,1000,4.4260101935441e-12,0.475788449293227
"91",127.033359224242,"DEF",12,-40.6835983666349,1.16587612967317,77664897859702,1000,1e-16,0.0233492248966919
"92",0,"DEF",12,-40.6835983666349,6.50641039081383,15513787460746.2,614.137911307625,5.37813382913023e-12,0.720504758075811
"93",0,"DEF",12,-40.6835983666349,7.5444811193971,41827027173792,881.080153468065,2.22257968276297e-13,0.822217373154825
"94",0,"DEF",12,-40.6835983666349,8.1918491163291,91824904160592.7,466.507120081224,2.50620289690639e-12,0.722391265432816
"95",127.033389319941,"DEF",12,-40.6835983666349,0.805105312079002,23643103895402.5,242.396807695804,1e-16,0.0233492849538514
"96",0,"DEF",12,-40.6835983666349,7.48827266807051,66298106312974.6,784.395754600365,6.63549277137621e-12,0.280721087078561
"97",0,"DEF",12,-40.6835983666349,2.81433781615971,2021055074305.04,956.292509070616,1e-16,0.649667554753873
"98",127.033359855272,"DEF",12,-40.6835983666349,4.09959749857868,20572868596415.5,975.607309854597,1e-16,0.0233492272551753
"99",0,"DEF",12,-40.6835983666349,5.99994599241763,5460745017433.07,966.953841107897,9.48841955103741e-12,0.790291140621295
"100",127.033388098063,"DEF",12,-40.6835983666349,2.51658906832985,91069792077121.7,377.684250577313,1e-16,0.0233492850371697
"101",108.163736922594,"DEF",16,-40.1207956916685,10,15164807871769.4,100,1e-11,0.001
"102",0,"DEF",16,-40.1207956916685,6.56532989008837,94658711289113.3,571.134311340438,9.70463974648324e-12,1
"103",0,"DEF",16,-40.1207956916685,4.85321216070159,18071419334939.1,1000,7.15443458096961e-13,1
"104",0,"DEF",16,-40.1207956916685,9.4276549979113,99264193037126.7,370.120125077665,6.05688472679001e-12,0.584221064921701
"105",108.163736919728,"DEF",16,-40.1207956916685,10,65853002032308.7,100,1e-11,0.001
"106",0,"DEF",16,-40.1207956916685,6.8342009693617,24096805051513.9,365.979369985871,6.67563639622121e-12,0.675368361163419
"107",108.16373691948,"DEF",16,-40.1207956916685,10,92602483099801.9,100,1e-11,0.001
"108",0,"DEF",16,-40.1207956916685,9.35050655026172,17845589925752.1,497.48717651566,3.53058508252069e-12,0.782173122488044
"109",0,"DEF",16,-40.1207956916685,7.68669928889722,95452881969427.7,297.978717694059,9.01766778465111e-12,0.334162648595171
"110",0,"DEF",16,-40.1207956916685,10,38992741432700.7,1000,1e-11,0.665209807449467
"111",0,"DEF",16,-40.1207956916685,9.2907924188301,37084152492049.6,266.390966787003,3.15879129353326e-12,0.653850178084103
"112",108.16373692659,"DEF",16,-40.1207956916685,10,7314147819521.66,100,1e-11,0.001
"113",0,"DEF",16,-40.1207956916685,9.14813667982817,28496045522852.8,184.445242653601,7.60533625983004e-12,0.854556740341475
"114",0,"DEF",16,-40.1207956916685,10,16870883838298.3,873.838032858003,1e-11,1
"115",108.163742561865,"DEF",16,-40.1207956916685,10,10000000065.9551,100,1e-11,0.001
"116",0,"DEF",16,-40.1207956916685,7.7458710828796,36464411615517.5,957.441730285063,3.19258720825354e-12,0.542509786872193
"117",0,"DEF",16,-40.1207956916685,9.32172200384084,46921093761127,744.045620691031,8.76257490542126e-12,0.335761857878882
"118",108.163736920369,"DEF",16,-40.1207956916685,10,37692787348723.9,100,1e-11,0.001
"119",0,"DEF",16,-40.1207956916685,6.56688038108915,2821819625102.35,757.166096064573,7.58475664700783e-12,0.507712564798742
"120",108.163864427912,"DEF",16,-40.1207956916685,0.100564574523659,99999999999984,100,1e-11,0.001
"121",108.16385734693,"DEF",16,-40.1207956916685,5.73482050156757,60139091995073.4,874.161114914228,1e-11,0.001
"122",0,"DEF",16,-40.1207956916685,9.83564516974147,17842162854822.8,555.938496044837,7.14142432578795e-12,0.483265953233698
"123",0,"DEF",16,-40.1207956916685,10,1e+14,100,9.39290496702148e-12,1
"124",0,"DEF",16,-40.1207956916685,3.21921690551098,61260649093550.2,564.287857105955,1.59175199808395e-12,0.689164435013896
"125",108.163736921733,"DEF",16,-40.1207956916685,10,19725356087370.2,100,1e-11,0.001
"126",0,"DEF",16,-40.1207956916685,8.38677284634272,90665768017265.4,552.874254650764,1e-11,1
"127",0,"DEF",16,-40.1207956916685,5.38339796280488,42600356211147.7,730.141271906905,9.69036589814732e-12,0.479510488955071
"128",108.163736919734,"DEF",16,-40.1207956916685,10,65379931341597.5,100,1e-11,0.001
"129",0,"DEF",16,-40.1207956916685,4.88600683712866,81820402331331.3,407.207079418004,1.95119704047958e-12,0.3513203400122
"130",0,"DEF",16,-40.1207956916685,5.26973925416823,96082011966812.4,988.931561494246,2.95368170367852e-12,0.818128626913065
"131",108.163736919528,"DEF",16,-40.1207956916685,10,85920144769307.5,100,1e-11,0.001
"132",108.163736919669,"DEF",16,-40.1207956916685,10,70708092029695.3,100,1e-11,0.001
"133",108.163855041415,"DEF",16,-40.1207956916685,4.67707463593375,86028961969560.5,560.461186125333,1e-11,0.001
"134",0,"DEF",16,-40.1207956916685,8.98612009524368,84415296872251.2,728.006155788898,4.51934904430995e-12,0.824407047570916
"135",0,"DEF",16,-40.1207956916685,5.99193549221382,56762080197779,934.070391510613,7.96736711445048e-12,0.918860165350605
"136",0,"DEF",16,-40.1207956916685,7.98101827660338,1e+14,957.957511447684,1e-11,0.832582944402765
"137",0,"DEF",16,-40.1207956916685,7.73500309130177,68184381344069.3,337.705320888199,1.03300977804437e-12,0.619797954089707
"138",108.16373691947,"DEF",16,-40.1207956916685,10,94180694529882.3,100,1e-11,0.001
"139",0,"DEF",16,-40.1207956916685,2.97331520322341,14086076839411.8,249.862155925985,8.07261798222455e-13,0.601451268853672
"140",108.163864315842,"DEF",16,-40.1207956916685,0.804656207007986,69078373213368.2,736.203966509513,1e-11,0.001
"141",0,"DEF",16,-40.1207956916685,10,83220065014881.4,455.079309486747,1e-11,1
"142",108.163736919738,"DEF",16,-40.1207956916685,10,65062212793415.8,100,1e-11,0.001
"143",0,"DEF",16,-40.1207956916685,6.81069202748872,1e+10,700.59436432449,7.05444775407324e-14,0.893142133155695
"144",0,"DEF",16,-40.1207956916685,7.9799213703169,88001863915366,767.899735083354,8.78508493009953e-12,1
"145",0,"DEF",16,-40.1207956916685,7.89493108037859,66376068096857.1,131.199386739172,5.49168380737361e-12,0.716521054401994
"146",108.163736919475,"DEF",16,-40.1207956916685,10,93492548767973.5,100,1e-11,0.001
"147",146.250656073829,"DEF",16,-40.1207956916685,1.6713965483471,46626205768246.2,736.311641573353,8.25515518250186e-12,0.749092570052371
"148",108.163847853742,"DEF",16,-40.1207956916685,1.39849799369703,71041879062480.1,100,1e-11,0.001
"149",108.163736919757,"DEF",16,-40.1207956916685,10,63728972699398.5,100,1e-11,0.001
"150",108.163855940141,"DEF",16,-40.1207956916685,5.72382470233382,15351499529117.1,747.535924849275,1e-11,0.001
"151",108.163736923177,"DEF",16,-40.1207956916685,10,13111114172546.9,100,1e-11,0.001
"152",0,"DEF",16,-40.1207956916685,8.91143036715505,57048255696554.7,509.484042808441,1e-11,0.651850781552986
"153",108.163848897213,"DEF",16,-40.1207956916685,10,1676777053462.63,759.13778376279,1e-11,0.001
"154",108.163858965932,"DEF",16,-40.1207956916685,1.04834851986788,70385891886675.8,202.207765504295,1e-11,0.001
"155",0,"DEF",16,-40.1207956916685,6.97621115660295,73165783253724.2,269.714556308463,1.4201191199857e-12,0.947146760803647
"156",108.163742561865,"DEF",16,-40.1207956916685,10,1e+10,100,1e-11,0.001
"157",0,"DEF",16,-40.1207956916685,9.60703781437921,56421835809501.5,636.989051604039,2.50077764621585e-12,0.523252991715662
"158",108.163736920682,"DEF",16,-40.1207956916685,10,31169122143226.3,100,1e-11,0.001
"159",108.163865594204,"DEF",16,-40.1207956916685,0.100061468787972,10000000000.0146,965.605767873812,1e-11,0.001
"160",108.163742561864,"DEF",16,-40.1207956916685,10,10000001756.3338,100,1e-11,0.001
"161",0,"DEF",16,-40.1207956916685,10,1e+14,866.8802705539,1e-11,1
"162",108.163843992801,"DEF",16,-40.1207956916685,1.77750472849295,1e+10,100,1e-11,0.001
"163",0,"DEF",16,-40.1207956916685,8.64467130124103,43590634493392.4,598.409548494965,6.79429613392125e-13,0.252838565542363
"164",0,"DEF",16,-40.1207956916685,6.52686358466744,41028722912003.3,153.515102341771,5.80077241576626e-12,0.946064010308357
"165",0,"DEF",16,-40.1207956916685,5.60494306448381,53353423079450.1,756.88672317192,4.77805415939281e-12,0.811035353082232
"166",0,"DEF",16,-40.1207956916685,9.45802197465106,38662557147563.8,254.244537520744,6.7618188239902e-13,0.546456891355037
"167",0,"DEF",16,-40.1207956916685,4.06862566161435,30079222970744.6,250.278037018143,9.96833393118831e-12,0.670856765123084
"168",108.163865555098,"DEF",16,-40.1207956916685,0.108958547974685,82878359367717.4,860.162994013288,1e-11,0.001
"169",108.163736920504,"DEF",16,-40.1207956916685,10,34574257354404.9,100,1e-11,0.001
"170",108.163736920085,"DEF",16,-40.1207956916685,10,46481779292354.6,100,1e-11,0.001
"171",146.464561612503,"DEF",16,-40.1207956916685,1.570302764311,54567616175312.4,971.981728852689,3.97709701364575e-13,0.908572542973259
"172",0,"DEF",16,-40.1207956916685,9.22631147858479,1e+14,921.368173608404,1e-11,1
"173",0,"DEF",16,-40.1207956916685,7.84163462346927,1742324139608.17,599.854973365594,4.1410636743494e-12,0.425123493857929
"174",108.163863007337,"DEF",16,-40.1207956916685,1.51286743539425,62746097398510.7,714.419579639887,1e-11,0.001
"175",0,"DEF",16,-40.1207956916685,7.99910152193299,2634596612687.2,1000,1e-11,0.731615127087817
"176",108.163736919731,"DEF",16,-40.1207956916685,10,65657927909843.7,100,1e-11,0.001
"177",0,"DEF",16,-40.1207956916685,2.65447370372021,72225945434206.7,113.200830842238,2.25420051512676e-12,0.819792546433074
"178",0,"DEF",16,-40.1207956916685,6.10984813430861,53715708349728.5,501.8681948395,8.75538768977179e-13,0.66849882504635
"179",108.163742907048,"DEF",16,-40.1207956916685,9.53951957915316,90364457242434.7,100,1e-11,0.001
"180",0,"DEF",16,-40.1207956916685,5.92586761920247,37693342795088,307.025996875018,6.40857975274967e-12,0.605675151952077
"181",108.176638858206,"DEF",16,-40.1207956916685,0.1,68306599397468.2,369.672588075495,6.62017120109856e-16,0.001
"182",108.163736921037,"DEF",16,-40.1207956916685,10,26066636686803.2,100,1e-11,0.001
"183",0,"DEF",16,-40.1207956916685,2.08192051735241,27906966423343.4,937.598076811992,1.7508538886138e-12,0.779237288921606
"184",108.163736927911,"DEF",16,-40.1207956916685,10,6245369173630.11,100,1e-11,0.001
"185",0,"DEF",16,-40.1207956916685,7.15566851152107,11416888204824.6,355.251777381636,8.54985960844867e-12,0.937695862514665
"186",0,"DEF",16,-40.1207956916685,6.17190537228642,25702508818480.2,631.426409164123,9.10656418611955e-12,0.543067392257158
"187",108.163736919619,"DEF",16,-40.1207956916685,10,75488505362314.5,100,1e-11,0.001
"188",108.163864470719,"DEF",16,-40.1207956916685,0.836775423504141,64258760692010.7,856.553793418022,1e-11,0.001
"189",0,"DEF",16,-40.1207956916685,6.38225132628446,34000654960618.1,862.072489225294,1e-11,0.986711959896208
"190",108.163736919586,"DEF",16,-40.1207956916685,10,78983616580084.8,100,1e-11,0.001
"191",108.163736938983,"DEF",16,-40.1207956916685,10,2807387375387.94,100,1e-11,0.001
"192",108.163855002193,"DEF",16,-40.1207956916685,8.20461282301598,20721210732639.1,976.786648260892,1e-11,0.001
"193",0,"DEF",16,-40.1207956916685,8.01012375663221,87239792816544,609.196679752223,5.40272593701079e-12,0.286023042460712
"194",0,"DEF",16,-40.1207956916685,7.15397720753681,4968232897848.36,493.546750373207,4.5253354793885e-12,0.687255464057904
"195",108.163864215734,"DEF",16,-40.1207956916685,0.615789528793388,1e+14,534.025753453825,1e-11,0.001
"196",108.163846555537,"DEF",16,-40.1207956916685,10,36850677721865.6,666.877108007697,1e-11,0.001
"197",108.163736919598,"DEF",16,-40.1207956916685,10,77627673296734.3,100,1e-11,0.001
"198",108.163736925797,"DEF",16,-40.1207956916685,10,8152106807220.44,100,1e-11,0.001
"199",0,"DEF",16,-40.1207956916685,7.44662897714879,57935053101736.1,225.899306428619,3.29626059539018e-12,0.523932604267262
"200",108.163736919835,"DEF",16,-40.1207956916685,10,58536288177881.3,100,1e-11,0.001
"201",121.002005462614,"DEF",20,-39.5733517797917,0.114806628620472,84899764525223,590.568787954855,1e-11,0.001
"202",0,"DEF",20,-39.5733517797917,4.91545650013079,50378216226340,600.924828759058,1.61788571437771e-13,0.932763644287393
"203",0,"DEF",20,-39.5733517797917,9.07903359410986,882545100067.52,1000,4.78190191470265e-12,1
"204",0,"DEF",20,-39.5733517797917,4.75237995535135,25789181629996.7,945.464259502478,6.81961140083526e-12,0.780044550101971
"205",0,"DEF",20,-39.5733517797917,2.73299086357001,13530525837692,678.496746113524,9.07689537793354e-12,0.919921857835492
"206",0,"DEF",20,-39.5733517797917,8.7656235141214,78567207333394.3,201.900237705559,1.6739217205707e-12,0.454103770294925
"207",129.161085418882,"DEF",20,-39.5733517797917,1.00888253119089,54461157472248.1,243.873109435622,4.41846551092807e-12,0.502125088017463
"208",0,"DEF",20,-39.5733517797917,2.50543406500947,67839823237655.2,268.761692754924,6.38879780226955e-12,0.657890188571298
"209",0,"DEF",20,-39.5733517797917,6.14825701636728,44203031415173.3,653.861791430973,6.09065131678397e-12,0.387411167306127
"210",121.001015597715,"DEF",20,-39.5733517797917,10,25883914449772.4,100,1e-11,0.001
"211",121.001015404328,"DEF",20,-39.5733517797917,10,91005222540002.6,100,1e-11,0.001
"212",121.001015422294,"DEF",20,-39.5733517797917,10,73763869119060.3,100,1e-11,0.001
"213",0,"DEF",20,-39.5733517797917,9.39177083692499,1e+10,1000,6.50871509205653e-12,0.614542954471736
"214",121.001015587297,"DEF",20,-39.5733517797917,10,26921725339869.8,100,1e-11,0.001
"215",129.13105273465,"DEF",20,-39.5733517797917,0.858728468659279,89211302558856.1,159.533869807749,8.02678119599812e-12,0.418632243215867
"216",121.001015403868,"DEF",20,-39.5733517797917,10,91552677312869.1,100,1e-11,0.001
"217",121.001015574259,"DEF",20,-39.5733517797917,10,28343945246463.9,100,1e-11,0.001
"218",0,"DEF",20,-39.5733517797917,9.13285841096658,63011494984556.9,261.864875070751,4.53821335553564e-12,0.971384645680897
"219",121.001015443563,"DEF",20,-39.5733517797917,10,60251130672404.2,100,1e-11,0.001
"220",0,"DEF",20,-39.5733517797917,2.19282606458291,55092084019449.5,846.607159543782,4.28314480919303e-12,0.995180214881198
"221",0,"DEF",20,-39.5733517797917,3.99213096697349,81393777441920.2,437.676295312122,5.13428886718855e-12,0.810412984601222
"222",0,"DEF",20,-39.5733517797917,8.66548780788488,75434849899771.3,1000,3.29577180470784e-12,0.384377875175509
"223",0,"DEF",20,-39.5733517797917,3.22172684315592,97012062915030.4,365.617440245114,9.95445149864834e-12,0.722843714698683
"224",0,"DEF",20,-39.5733517797917,7.4887853959603,46245142381137.2,994.27323578541,2.87567017111902e-12,0.760113645865481
"225",0,"DEF",20,-39.5733517797917,4.00712363652419,52136247460991.1,193.186391890049,8.98168318579742e-13,0.675879499276867
"226",121.001015407246,"DEF",20,-39.5733517797917,10,87676379506741.7,100,1e-11,0.001
"227",0,"DEF",20,-39.5733517797917,9.09963007224724,31052664461706.3,783.963350346312,2.96624467487258e-12,0.667235918224323
"228",121.001015406198,"DEF",20,-39.5733517797917,10,88844310994175.5,100,1e-11,0.001
"229",0,"DEF",20,-39.5733517797917,10,33529542200123.2,1000,3.95805684208826e-12,1
"230",0,"DEF",20,-39.5733517797917,8.33475920416818,98381699731838.9,1000,8.84132814213021e-12,1
"231",121.001015539903,"DEF",20,-39.5733517797917,10,32927724714851.1,100,1e-11,0.001
"232",121.001015425567,"DEF",20,-39.5733517797917,10,71303122858755.1,100,1e-11,0.001
"233",0,"DEF",20,-39.5733517797917,6.95055396680254,6125572694418.95,281.421915232204,6.17387834059012e-12,0.970745747403707
"234",0,"DEF",20,-39.5733517797917,8.03111979025736,87378295255473.1,920.194764837883,7.90346308370277e-12,1
"235",121.001015635154,"DEF",20,-39.5733517797917,10,22734385588893.1,100,1e-11,0.001
"236",0,"DEF",20,-39.5733517797917,7.00751166597474,25818409499924.2,212.416979973204,5.79760079818692e-12,0.605030420354335
"237",121.001015487135,"DEF",20,-39.5733517797917,10,43809516099798.1,100,1e-11,0.001
"238",0,"DEF",20,-39.5733517797917,2.83465336619411,42618103418895,972.138517186977,1.91850872730794e-12,0.953160701931454
"239",121.001015507508,"DEF",20,-39.5733517797917,10,38852205956758.5,100,1e-11,0.001
"240",0,"DEF",20,-39.5733517797917,10,1e+14,1000,1.43042401554486e-12,1
"241",0,"DEF",20,-39.5733517797917,8.70211520129815,28159172550377,169.523134687915,3.53559327007537e-12,0.663590551561909
"242",0,"DEF",20,-39.5733517797917,10,1e+14,1000,1e-11,1
"243",121.001909080419,"DEF",20,-39.5733517797917,10,1e+14,999.999998234567,1e-11,0.001
"244",0,"DEF",20,-39.5733517797917,7.65095041575256,44785829548625.9,1000,1e-11,0.933624777076508
"245",121.001015581765,"DEF",20,-39.5733517797917,10,27507336894794.7,100,1e-11,0.001
"246",121.001015406953,"DEF",20,-39.5733517797917,10,87999826758175.9,100,1e-11,0.001
"247",0,"DEF",20,-39.5733517797917,8.47386108015198,9628628657723.31,710.875096777454,5.69543824795827e-12,0.465697889262578
"248",121.001909080408,"DEF",20,-39.5733517797917,10,1e+14,999.999888004458,1e-11,0.001
"249",0,"DEF",20,-39.5733517797917,5.6234552857466,23459526377455.3,558.806699072011,5.47607857568392e-12,0.674810710465303
"250",0,"DEF",20,-39.5733517797917,9.34365025330177,12941191674283.8,329.30036790477,6.55768831585269e-12,0.259975740978259
"251",121.001015590855,"DEF",20,-39.5733517797917,10,26558057930736.3,100,1e-11,0.001
"252",121.001015839407,"DEF",20,-39.5733517797917,10,13663906567710.8,100,1e-11,0.001
"253",121.00101540531,"DEF",20,-39.5733517797917,10,89856780124924.7,100,1e-11,0.001
"254",121.001015400753,"DEF",20,-39.5733517797917,10,95444464060681.8,100,1e-11,0.001
"255",0,"DEF",20,-39.5733517797917,9.65277489810251,60953561611191.8,264.841196686029,6.67527166135209e-12,0.78876704089297
"256",121.001016605335,"DEF",20,-39.5733517797917,10,5474019634722.68,100,1e-11,0.001
"257",0,"DEF",20,-39.5733517797917,6.83806320850058,33712930138006,525.089644647456,1.69404291703707e-12,0.910866801087021
"258",121.001015426408,"DEF",20,-39.5733517797917,10,70697387213047.2,100,1e-11,0.001
"259",121.001015414733,"DEF",20,-39.5733517797917,10,80154827445662,100,1e-11,0.001
"260",0,"DEF",20,-39.5733517797917,6.72371718839277,3485224239118.4,162.563965911977,8.99286306850482e-12,0.74414771519904
"261",0,"DEF",20,-39.5733517797917,8.94288444914855,60813578340029.3,332.479872088879,2.54078409496867e-12,0.499708439404611
"262",121.001015484659,"DEF",20,-39.5733517797917,10,44499591260163.2,100,1e-11,0.001
"263",0,"DEF",20,-39.5733517797917,10,97283900834877.6,893.968973861515,1e-11,0.400830283711312
"264",121.001015401733,"DEF",20,-39.5733517797917,10,94185042813312.1,100,1e-11,0.001
"265",121.001015760182,"DEF",20,-39.5733517797917,10,16165614637310.5,100,1e-11,0.001
"266",0,"DEF",20,-39.5733517797917,10,30053605694659.5,888.145296065002,1e-11,0.851973704299598
"267",0,"DEF",20,-39.5733517797917,8.50800294342917,69507020768860.8,150.002677971497,9.97589103521407e-13,0.59581546928687
"268",121.001015397444,"DEF",20,-39.5733517797917,10,99957757690443.3,100,1e-11,0.001
"269",0,"DEF",20,-39.5733517797917,6.23108445461765,21582284731399.7,451.173523923347,4.47468289153036e-12,0.495286459186837
"270",0,"DEF",20,-39.5733517797917,8.29137593412306,63191741683434.2,288.016419252381,5.07661159383983e-12,0.753095076438505
"271",121.001015584547,"DEF",20,-39.5733517797917,10,27209662746699.5,100,1e-11,0.001
"272",0,"DEF",20,-39.5733517797917,6.17231613771657,72211693542724.9,390.507152734268,8.16971492857576e-12,0.429127102807392
"273",0,"DEF",20,-39.5733517797917,2.7225952957524,27467085017205.7,233.044599555433,7.32429803620872e-12,0.835376058055321
"274",0,"DEF",20,-39.5733517797917,5.67657068138942,38994297917333.3,132.712163160396,1e-16,0.411628327589644
"275",0,"DEF",20,-39.5733517797917,8.76370364962216,6400359747087.81,892.729998406177,3.11895799969242e-12,0.4059237975578
"276",0,"DEF",20,-39.5733517797917,3.38700036813971,72543225524532.6,309.585068398155,1.90813760187456e-12,0.947103722299915
"277",121.001015416558,"DEF",20,-39.5733517797917,10,78513343878673.1,100,1e-11,0.001
"278",121.001015580666,"DEF",20,-39.5733517797917,10,27626743044680.9,100,1e-11,0.001
"279",121.001015427257,"DEF",20,-39.5733517797917,10,70095904896025.9,100,1e-11,0.001
"280",121.001015939656,"DEF",20,-39.5733517797917,10,11426376827220.3,100,1e-11,0.001
"281",0,"DEF",20,-39.5733517797917,5.7598537664162,45079058319742.3,587.523587956093,7.57614170673396e-12,0.529550308627542
"282",0,"DEF",20,-39.5733517797917,3.52304986137384,10153687483117.1,1000,7.6355427755706e-12,0.560522204152654
"283",0,"DEF",20,-39.5733517797917,8.94160315580666,7484170729301.4,381.138345925137,7.72693334343978e-12,0.821915981514845
"284",121.001016573902,"DEF",20,-39.5733517797917,10,5612065235400.89,100,1e-11,0.001
"285",0,"DEF",20,-39.5733517797917,9.25965285011579,71781781605841,808.184965088975,1.90480308350083e-12,0.661221388908749
"286",0,"DEF",20,-39.5733517797917,8.44481662854087,9543568670491.22,244.060642994009,1.99445995706252e-12,0.250384993555956
"287",0,"DEF",20,-39.5733517797917,8.41641225886997,53022471212979.9,862.082918616943,1.59345217330626e-12,0.523201314882375
"288",0,"DEF",20,-39.5733517797917,2.5907158291433,78583769505114.8,434.088653000072,9.13469728893603e-12,0.725986611935543
"289",0,"DEF",20,-39.5733517797917,7.94619563689921,56643038763527.3,455.976422782987,8.35121317197643e-12,0.89578671024926
"290",121.001015873277,"DEF",20,-39.5733517797917,10,12816014838623.9,100,1e-11,0.001
"291",0,"DEF",20,-39.5733517797917,9.21593759262586,64156557072005.7,1000,3.39007056667366e-12,0.72639574244707
"292",128.276681167602,"DEF",20,-39.5733517797917,1.50315887196394,70794127559981,519.35484933453,7.03851571243915e-12,0.895097952801378
"293",121.00101564118,"DEF",20,-39.5733517797917,10,22297706634881.7,100,1e-11,0.001
"294",0,"DEF",20,-39.5733517797917,6.39664252474904,88322230909308.4,429.376886831596,4.95033534793514e-12,0.542505530564813
"295",121.00101591052,"DEF",20,-39.5733517797917,10,11997370080453,100,1e-11,0.001
"296",121.001015431211,"DEF",20,-39.5733517797917,10,67424100858289.5,100,1e-11,0.001
"297",121.00101559305,"DEF",20,-39.5733517797917,10,26338525418289.1,100,1e-11,0.001
"298",129.11680818494,"DEF",20,-39.5733517797917,2.43233446067147,34175040036928.5,486.195721189302,4.03963894452516e-12,0.390584654876128
"299",121.00101604035,"DEF",20,-39.5733517797917,10,9812422010114.99,100,1e-11,0.001
"300",121.001015509393,"DEF",20,-39.5733517797917,10,38449711091321.7,100,1e-11,0.001
"301",0,"DEF",24,-39.0406463881741,5.12665355685167,63157341718622.5,221.452876529656,4.70068144059626e-12,0.48303736052243
"302",0,"DEF",24,-39.0406463881741,7.19874417516403,30815964026590.8,291.916952771135,3.87519441801759e-12,0.848740071466425
"303",0,"DEF",24,-39.0406463881741,10,1e+14,1000,1e-11,1
"304",127.917642936783,"DEF",24,-39.0406463881741,10,39626346369108.2,100,1e-11,0.001
"305",127.917642830189,"DEF",24,-39.0406463881741,10,96964763741757.7,100,1e-11,0.001
"306",0,"DEF",24,-39.0406463881741,3.66537783103995,35901373299730.5,658.662248193286,9.98157618597725e-12,0.961372579582268
"307",0,"DEF",24,-39.0406463881741,9.65968884336762,4477108426536.43,839.710677345283,8.20126419791183e-12,0.835940467813285
"308",0,"DEF",24,-39.0406463881741,6.07370171076618,58207536819719.2,587.031099433079,9.80170103883387e-12,0.699382481362205
"309",127.917642834803,"DEF",24,-39.0406463881741,10,91249453172692.2,100,1e-11,0.001
"310",0,"DEF",24,-39.0406463881741,6.26312000520993,82801415555765.9,253.94432945177,4.17268540332071e-12,0.334869261445478
"311",0,"DEF",24,-39.0406463881741,7.94483528356068,85121229645402.6,490.995213761926,3.65311002348894e-12,0.723961905890144
"312",154.7477311609,"DEF",24,-39.0406463881741,1.96659825262581,43609232555447.6,718.707079557223,1.06133187549033e-12,0.595176209777635
"313",0,"DEF",24,-39.0406463881741,4.31600609221496,46051009705341.4,863.056602608413,9.64462414230907e-12,0.993347243167227
"314",0,"DEF",24,-39.0406463881741,8.92078950707575,63994541788416.2,1000,8.88411523233555e-12,0.525196570205665
"315",0,"DEF",24,-39.0406463881741,6.06042425958631,8746482464135.43,873.451812765261,4.48127194627554e-12,0.315642281883602
"316",0,"DEF",24,-39.0406463881741,8.04586771726608,91281180288423.8,427.676106267609,4.35928345177176e-12,0.835168073277688
"317",0,"DEF",24,-39.0406463881741,8.11311582447961,87917484254573.9,272.440336761065,2.12743716719102e-12,0.523330818599323
"318",0,"DEF",24,-39.0406463881741,2.71219356840357,10357901474754.1,656.887970568653,7.202506610702e-12,1
"319",127.917642954916,"DEF",24,-39.0406463881741,10,36004495710895.6,100,1e-11,0.001
"320",127.917643123151,"DEF",24,-39.0406463881741,10,19483163090608.7,100,1e-11,0.001
"321",127.917646068102,"DEF",24,-39.0406463881741,10,2156959006767.11,100,1e-11,0.001
"322",127.917642922802,"DEF",24,-39.0406463881741,10,42958134171278.3,100,1e-11,0.001
"323",127.918353412441,"DEF",24,-39.0406463881741,10,10000000025.054,100,1e-11,0.001
"324",127.917642847735,"DEF",24,-39.0406463881741,10,78312355382093.8,100,1e-11,0.001
"325",0,"DEF",24,-39.0406463881741,7.01274488500785,69037826657793.5,844.225705997087,1.03223982179037e-12,0.415382112175459
"326",127.917642827953,"DEF",24,-39.0406463881741,10,1e+14,100,1e-11,0.001
"327",127.917642933747,"DEF",24,-39.0406463881741,10,40305243258577.8,100,1e-11,0.001
"328",0,"DEF",24,-39.0406463881741,1.88723229725023,77165316398915.1,675.210163499072,7.07725152689438e-12,1
"329",0,"DEF",24,-39.0406463881741,9.5170651013273,91378547779114.2,271.486471422063,8.88512514690367e-12,0.638043523695149
"330",127.919449864472,"DEF",24,-39.0406463881741,0.10038388472607,38480067790649.2,100,1e-11,0.001
"331",0,"DEF",24,-39.0406463881741,2.88145507220115,68006295897154.4,1000,9.9343817615096e-12,1
"332",127.917643021423,"DEF",24,-39.0406463881741,10,26965094336736,100,1e-11,0.001
"333",127.917642827953,"DEF",24,-39.0406463881741,10,1e+14,100,1e-11,0.001
"334",0,"DEF",24,-39.0406463881741,8.75087120088283,88742204515708.1,378.022765694186,2.10754991544872e-12,0.811770890400978
"335",127.917642829896,"DEF",24,-39.0406463881741,10,97351483548890.9,100,1e-11,0.001
"336",127.917643254303,"DEF",24,-39.0406463881741,10,14349853041226.1,100,1e-11,0.001
"337",127.917642831132,"DEF",24,-39.0406463881741,10,95738075828075.8,100,1e-11,0.001
"338",0,"DEF",24,-39.0406463881741,3.65510151295563,77496663079962.8,1000,1.51095652238154e-12,0.492182874907771
"339",0,"DEF",24,-39.0406463881741,6.86341602727771,54490699351439.2,139.091941411607,5.97578624505389e-12,0.960123873105971
"340",127.917642945587,"DEF",24,-39.0406463881741,10,37781163684075.4,100,1e-11,0.001
"341",127.917644430339,"DEF",24,-39.0406463881741,10,4267508932651.11,100,1e-11,0.001
"342",127.917643198232,"DEF",24,-39.0406463881741,10,16171441806505.2,100,1e-11,0.001
"343",127.917642915407,"DEF",24,-39.0406463881741,10,44957653281545.1,100,1e-11,0.001
"344",127.917642908482,"DEF",24,-39.0406463881741,10,47006498105467.7,100,1e-11,0.001
"345",0,"DEF",24,-39.0406463881741,10,1e+14,396.510329890566,1e-11,1
"346",128.09245654472,"DEF",24,-39.0406463881741,10,87638511795931.7,100,4.70771805926733e-13,0.001
"347",0,"DEF",24,-39.0406463881741,8.88765073671682,42191727028311.8,1000,1e-16,1
"348",0,"DEF",24,-39.0406463881741,5.75733017420862,89982991177309.3,401.413189433515,7.39719664460765e-12,0.363927897420246
"349",0,"DEF",24,-39.0406463881741,4.12915598796681,3807919988317.88,484.591391123831,9.90566768953167e-12,0.760656035622349
"350",127.919466541864,"DEF",24,-39.0406463881741,0.131340812101924,10000000000.2028,898.61190788953,1e-11,0.001
"351",0,"DEF",24,-39.0406463881741,5.59259775346145,29427220185638.9,562.796190148219,8.7206770333118e-12,0.936780562906526
"352",0,"DEF",24,-39.0406463881741,4.33151437013876,59285970097.4077,885.686243535019,7.09755494965061e-12,0.88431870604842
"353",0,"DEF",24,-39.0406463881741,3.69570671312977,51676362082394.8,952.170270704664,9.54635716136694e-12,0.970125438576331
"354",0,"DEF",24,-39.0406463881741,8.78804373422781,57056484730405.3,436.32117800786,4.81919695909337e-12,0.635830984677767
"355",0,"DEF",24,-39.0406463881741,10,1e+10,100,3.57604332001481e-12,1
"356",0,"DEF",24,-39.0406463881741,3.41897619634401,22699621687652.5,992.915414064191,3.15913918327377e-12,0.881552133232588
"357",127.917642850864,"DEF",24,-39.0406463881741,10,75714339879670,100,1e-11,0.001
"358",127.917642853663,"DEF",24,-39.0406463881741,10,73533060965605.8,100,1e-11,0.001
"359",127.917642827953,"DEF",24,-39.0406463881741,10,1e+14,100,1e-11,0.001
"360",127.917642855135,"DEF",24,-39.0406463881741,10,72435245874970,100,1e-11,0.001
"361",127.917643006714,"DEF",24,-39.0406463881741,10,28550443768351.3,100,1e-11,0.001
"362",0,"DEF",24,-39.0406463881741,9.35578632116928,1e+14,1000,9.47005368716743e-12,0.98160964203804
"363",0,"DEF",24,-39.0406463881741,10,97333999187902.7,327.799166867025,1.01138826603521e-12,0.767700596179492
"364",0,"DEF",24,-39.0406463881741,3.26463468035217,2655178113838.19,425.397411291488,3.88114885317248e-12,0.714898664420238
"365",0,"DEF",24,-39.0406463881741,5.02443823586218,79776600946772.4,342.284508398734,6.47370086398656e-12,0.633820248386357
"366",127.91764308535,"DEF",24,-39.0406463881741,10,21722900233171.2,100,1e-11,0.001
"367",0,"DEF",24,-39.0406463881741,10,1e+14,1000,1e-11,1
"368",127.917642833081,"DEF",24,-39.0406463881741,10,93301484782965.5,100,1e-11,0.001
"369",0,"DEF",24,-39.0406463881741,10,1e+14,1000,1e-11,1
"370",0,"DEF",24,-39.0406463881741,10,76394086398373.1,561.51414741986,6.52781871679574e-13,0.303398372819188
"371",127.917642837996,"DEF",24,-39.0406463881741,10,87672721942052.5,100,1e-11,0.001
"372",155.099188793446,"DEF",24,-39.0406463881741,1.05306462485859,49542433541695.5,394.462182673991,9.89149680080615e-12,0.658421206903298
"373",127.917642827953,"DEF",24,-39.0406463881741,10,1e+14,100,1e-11,0.001
"374",0,"DEF",24,-39.0406463881741,4.10915620237235,16018708241023.4,483.826777463333,1e-16,0.471777064940319
"375",0,"DEF",24,-39.0406463881741,5.73813287925441,96800921631769.8,741.185027593747,9.20547270333134e-12,0.922669650703901
"376",127.917642902655,"DEF",24,-39.0406463881741,10,48880698582344,100,1e-11,0.001
"377",127.919466095447,"DEF",24,-39.0406463881741,0.100418888014466,45954387357901,879.76208043455,1e-11,0.001
"378",0,"DEF",24,-39.0406463881741,7.18889621866401,4478272253812.76,959.107432374731,1.71060232922418e-12,0.598178609336959
"379",0,"DEF",24,-39.0406463881741,9.69247198295779,37082041697553.4,482.367188367061,9.02062765884735e-12,0.239058120636735
"380",0,"DEF",24,-39.0406463881741,4.80009460530709,96493760419320.3,622.678717132658,5.13559729694761e-13,0.774520536260446
"381",0,"DEF",24,-39.0406463881741,8.00862988259178,39296111890322.1,320.282633043826,6.58963136041595e-12,0.910782564091263
"382",0,"DEF",24,-39.0406463881741,7.79806961182039,51805766377565.5,262.740211258642,3.95025451136488e-12,0.468955502577825
"383",0,"DEF",24,-39.0406463881741,9.24901478299871,73184271417458.1,171.031558746472,1.24624194223562e-12,0.605945695307106
"384",127.917642864755,"DEF",24,-39.0406463881741,10,65997472342050.8,100,1e-11,0.001
"385",0,"DEF",24,-39.0406463881741,7.4888315693941,21872301946091.5,877.153047011234,9.87349870457398e-12,0.750178123321617
"386",0,"DEF",24,-39.0406463881741,9.42760458244011,76450733501575.9,528.197536198422,9.49714822637271e-12,0.321043298543431
"387",0,"DEF",24,-39.0406463881741,4.65004595101345,34133189639281.5,143.581855366938,8.69804187427156e-12,0.737332177578006
"388",127.917643635445,"DEF",24,-39.0406463881741,10,8127073891420.95,100,1e-11,0.001
"389",127.917644323316,"DEF",24,-39.0406463881741,10,4559013499720.77,100,1e-11,0.001
"390",0,"DEF",24,-39.0406463881741,7.69612034123857,31053828149298.2,247.078583273105,8.19163407420316e-12,0.915353601433104
"391",127.918353412423,"DEF",24,-39.0406463881741,10,10000000284.5824,100,1e-11,0.001
"392",0,"DEF",24,-39.0406463881741,9.77743605263531,4334000950437.04,645.242700306699,8.73988993741951e-12,0.280321234337287
"393",127.917643861287,"DEF",24,-39.0406463881741,10,6465683826942.85,100,1e-11,0.001
"394",0,"DEF",24,-39.0406463881741,5.17491001638118,94053291610265.2,894.203168898821,1.69347608370085e-12,0.60649097180157
"395",0,"DEF",24,-39.0406463881741,10,1e+14,1000,1e-11,1
"396",127.917642854238,"DEF",24,-39.0406463881741,10,73100487436098.2,100,1e-11,0.001
"397",127.918353412434,"DEF",24,-39.0406463881741,10,10000000127.0151,100,1e-11,0.001
"398",0,"DEF",24,-39.0406463881741,4.86109197780024,74079649736883.6,880.318465828896,3.03418921127149e-12,0.361355437713675
"399",0,"DEF",24,-39.0406463881741,5.29525868655182,78530553211313.7,129.310522973537,7.33207203628947e-12,0.496010025321972
"400",0,"DEF",24,-39.0406463881741,3.88870245225262,57602968324807,784.118268662132,3.38512317734708e-12,0.520393014484085
"401",151.179816013582,"FULL",12,-40.6835983666349,2.86304229675409,38171972738467.2,1000,1e-16,0.0245333997968085
"402",0,"FULL",12,-40.6835983666349,3.81873474477325,95853297336341.3,973.177506681532,6.13011778822611e-13,0.911137105261907
"403",0,"FULL",12,-40.6835983666349,7.90786935174838,72787450479788.2,580.169039824978,4.71392847535051e-12,0.723442788741319
"404",0,"FULL",12,-40.6835983666349,8.03334359831173,1e+14,291.709291541151,1e-11,0.839779978142467
"405",0,"FULL",12,-40.6835983666349,10,1e+14,1000,1e-11,1
"406",151.179870385131,"FULL",12,-40.6835983666349,9.36759928312603,77903649822032.9,481.762767809463,1e-16,0.0245335050454154
"407",0,"FULL",12,-40.6835983666349,2.20448630420997,7490534080774.48,100,1e-16,1
"408",0,"FULL",12,-40.6835983666349,3.50338523319565,54131764511164.5,892.393267822855,6.72018520428772e-12,1
"409",151.179840793519,"FULL",12,-40.6835983666349,3.39616900649807,37639576191770.3,750.4618184976,1e-16,0.0245334355562641
"410",0,"FULL",12,-40.6835983666349,10,1e+14,1000,1e-11,1
"411",151.179826802634,"FULL",12,-40.6835983666349,9.99942347324534,88050229913805,865.302429322603,1e-16,0.02453337730108
"412",0,"FULL",12,-40.6835983666349,4.97764477927703,71786160292984,372.54997426644,3.00277727922257e-12,0.569498598640785
"413",151.179815988191,"FULL",12,-40.6835983666349,0.911592901760233,1e+10,1000,1e-16,0.0245333995098828
"414",0,"FULL",12,-40.6835983666349,9.33797952039167,8430583262417.93,978.371808119118,3.15259148760168e-12,0.899858725497732
"415",0,"FULL",12,-40.6835983666349,8.96538832598735,30487711314667.5,1000,3.98581161053976e-12,1
"416",0,"FULL",12,-40.6835983666349,6.2413012417499,5508872468261.98,292.759020975791,5.87816994241981e-12,0.80280437380122
"417",151.179831424697,"FULL",12,-40.6835983666349,3.65683578942259,10239238272057,821.384731760856,1e-16,0.0245334852434777
"418",0,"FULL",12,-40.6835983666349,7.586871054722,1825974704641.85,126.968420366757,8.35067281238076e-12,0.24912984598102
"419",151.179818648326,"FULL",12,-40.6835983666349,0.479645301073718,34926847831153.7,960.906170888578,1e-16,0.0245334236001861
"420",151.179816035462,"FULL",12,-40.6835983666349,6.27098374383781,14503470582842,1000,1e-16,0.0245333998453402
"421",151.179870193333,"FULL",12,-40.6835983666349,4.12489173275496,68511478486065.2,518.600287588272,1e-16,0.0245334871186351
"422",0,"FULL",12,-40.6835983666349,4.12550141951069,75804730138871.8,104.29822045844,8.12860457380891e-12,0.710869653716218
"423",151.179816005814,"FULL",12,-40.6835983666349,1.65370933342918,99999999999999.8,1000,1e-16,0.0245333997313746
"424",151.17987041101,"FULL",12,-40.6835983666349,7.38853129019894,11018588581294.6,477.070415423463,1e-16,0.0245334862748419
"425",151.179876155676,"FULL",12,-40.6835983666349,3.36033231569914,49890834110995.8,210.949015689206,1e-16,0.0245335077928462
"426",151.21856918284,"FULL",12,-40.6835983666349,7.37744704343338,1e+14,1000,8.60699542757627e-12,0.0245734742658926
"427",151.179818047575,"FULL",12,-40.6835983666349,9.47233949877412,67350268001904.8,970.270897736396,1e-16,0.0245334215123139
"428",0,"FULL",12,-40.6835983666349,6.31338963527232,99147446827362.3,505.439727380872,3.14273376239208e-13,0.865917845611228
"429",289.58483631046,"FULL",12,-40.6835983666349,1.48141041858907,32219503636546.4,739.464873414427,1.74312441047362e-12,0.949009918999145
"430",0,"FULL",12,-40.6835983666349,9.85413290243596,21208089136625.6,198.525501810946,8.41960430102358e-12,0.935019913993543
"431",151.179802187034,"FULL",12,-40.6835983666349,2.38195561716947,66364522093626,134.477691087674,1e-16,0.0245333984527477
"432",151.179870880938,"FULL",12,-40.6835983666349,3.88022646763622,63166032485823.7,412.533519978982,1e-16,0.0245334879113043
"433",0,"FULL",12,-40.6835983666349,7.16901025195122,58083060429294.5,106.651028953472,9.23431335792985e-12,0.22310341791134
"434",0,"FULL",12,-40.6835983666349,4.42591228964739,93323505651035.8,517.846785997972,8.74335760784324e-12,0.674176138740033
"435",0,"FULL",12,-40.6835983666349,8.45280334781855,44706549758818,204.618635587394,8.6157404291654e-12,0.218832653168123
"436",151.179879030518,"FULL",12,-40.6835983666349,3.53911582163142,78802161769335.4,178.123271094977,1e-16,0.0245335159810785
"437",0,"FULL",12,-40.6835983666349,7.55529084459413,99901289888636.7,731.127254664898,9.13967438998471e-12,0.76087729266379
"438",0,"FULL",12,-40.6835983666349,8.14214039526414,2129089981252.33,180.060361279175,7.89615220168571e-12,0.259317142200656
"439",151.17980220176,"FULL",12,-40.6835983666349,0.1,11978476555912.5,134.189885219117,1e-16,0.0245333988742698
"440",151.179802217559,"FULL",12,-40.6835983666349,0.1,68926728190462.7,134.128709895439,1e-16,0.0245333919271349
"441",0,"FULL",12,-40.6835983666349,6.88419347036679,22511668960973.2,100,7.82519461947021e-12,1
"442",0,"FULL",12,-40.6835983666349,6.3785220860038,41197207228513.4,156.35007279925,2.39913218609323e-12,0.653998422904639
"443",151.17981619438,"FULL",12,-40.6835983666349,7.97084794012282,42488013564596.8,997.696578377201,1e-16,0.0245334321487342
"444",151.179877829137,"FULL",12,-40.6835983666349,0.252806596759023,10261911478.6836,189.488707650458,1e-16,0.0245334645693007
"445",151.179869974419,"FULL",12,-40.6835983666349,7.73615206263048,64809878288576.3,574.710657114265,1e-16,0.0245335044685701
"446",284.851937838586,"FULL",12,-40.6835983666349,0.596367127512796,69073336986520.1,726.320716134678,6.63026255893316e-12,0.634219027072434
"447",0,"FULL",12,-40.6835983666349,3.11244453717954,1725311549049.8,177.582467021421,9.05358087709134e-12,0.41119967437163
"448",0,"FULL",12,-40.6835983666349,7.10500464870129,14780777957679.2,272.7049266221,4.15421653003409e-12,0.929792767531937
"449",0,"FULL",12,-40.6835983666349,10,70155016100060,100.956876368955,1e-16,0.442668360184366
"450",151.179819795006,"FULL",12,-40.6835983666349,6.78981314436946,20405234337992.5,945.988570247885,1e-16,0.0245334246650609
"451",151.179816002562,"FULL",12,-40.6835983666349,1.1481002090808,61900344585279.6,1000,1e-16,0.0245333991857963
"452",0,"FULL",12,-40.6835983666349,3.70386396725662,52989283150164.4,122.546046320349,9.13009688314702e-12,0.728761931592133
"453",151.179879402005,"FULL",12,-40.6835983666349,5.45880056033545,34873163772617.4,175.103054205521,1e-16,0.0245334977686013
"454",0,"FULL",12,-40.6835983666349,6.02035484914668,78606298087153.1,880.749533488415,2.71077538443359e-12,0.734956982215866
"455",0,"FULL",12,-40.6835983666349,7.65376608506779,1e+10,249.588347780996,6.22536928740338e-12,0.36493986349965
"456",0,"FULL",12,-40.6835983666349,7.16007609884255,49005971466861.7,213.193733245134,3.0676688380385e-12,0.915870269559557
"457",151.179873231186,"FULL",12,-40.6835983666349,7.34833843974318,99999999999999.7,274.963874431422,1e-16,0.0245334411652981
"458",0,"FULL",12,-40.6835983666349,5.34618629706092,37659594993535.4,674.022150924429,6.51176931566217e-12,0.554670023796149
"459",0,"FULL",12,-40.6835983666349,1.87951302665751,69606851451892.9,271.744601498358,7.05585320512916e-12,0.985816378884018
"460",0,"FULL",12,-40.6835983666349,8.44138933769427,51958541179313.3,950.337323662825,3.33934071846274e-12,0.881778729091631
"461",0,"FULL",12,-40.6835983666349,7.23546524859459,1e+14,914.083485956709,4.53726255332749e-12,0.779603798026663
"462",0,"FULL",12,-40.6835983666349,9.98210954957176,1440866607932.84,700.791374943219,5.69177881063963e-13,0.887463264266262
"463",151.179871315486,"FULL",12,-40.6835983666349,1.68663959836676,87374968775860,371.39062600928,1e-16,0.0245335061440288
"464",151.179823764957,"FULL",12,-40.6835983666349,4.66829425692455,1e+14,897.241461056773,1e-16,0.0245334058743666
"465",151.179811040123,"FULL",12,-40.6835983666349,4.37103955433947,11327375386974.9,109.586739085438,1e-16,0.0245333999505369
"466",0,"FULL",12,-40.6835983666349,7.89943879765818,21577471579673.1,669.409067162808,7.02014388371216e-12,0.704540962476445
"467",0,"FULL",12,-40.6835983666349,10,98742112427486.8,403.796229881608,1e-11,1
"468",0,"FULL",12,-40.6835983666349,6.62883489137319,1e+14,794.783643120546,1e-11,0.966004631281011
"469",0,"FULL",12,-40.6835983666349,3.97897882045368,1e+10,100,1e-16,0.358601996045202
"470",151.179871942004,"FULL",12,-40.6835983666349,6.8672844898819,36280275153466.9,329.847169707555,1e-16,0.0245335046258573
"471",0,"FULL",12,-40.6835983666349,7.42224293167237,67795593820149.1,459.888487076387,8.7263094482803e-12,0.75425617518113
"472",151.179874770862,"FULL",12,-40.6835983666349,1.24496966242033,46411492193599.8,234.748064077744,1e-16,0.024533507075183
"473",151.179833217802,"FULL",12,-40.6835983666349,2.66794030106665,88317028958020.6,806.178275894563,1e-16,0.0245336318103789
"474",0,"FULL",12,-40.6835983666349,3.51060700444505,20817889566221.3,746.77285477519,1.83161528617153e-12,0.937280691235093
"475",151.179834006065,"FULL",12,-40.6835983666349,1.20965070699678,52669376820981.3,799.624868777095,1e-16,0.0245334299847246
"476",151.179824195526,"FULL",12,-40.6835983666349,3.68034340163855,85149501012696.2,892.316070742364,1e-16,0.0245334269088821
"477",0,"FULL",12,-40.6835983666349,8.55847819310147,45129756849929.7,559.581523248926,8.19630322004273e-13,0.474367514990037
"478",151.179870673182,"FULL",12,-40.6835983666349,1.13516105563495,85165235468296.6,437.215923947349,1e-16,0.0245334880127615
"479",0,"FULL",12,-40.6835983666349,4.04417817573994,71145949945675.7,756.368458992802,7.86871435794437e-12,0.475372423138237
"480",151.179830883491,"FULL",12,-40.6835983666349,8.48555472303484,85421976167721.7,826.60250921499,1e-16,0.0245334268859897
"481",0,"FULL",12,-40.6835983666349,8.97008371802513,78768111332026.3,494.265910121612,5.57756466652516e-12,0.750741739455843
"482",0,"FULL",12,-40.6835983666349,4.32912403673348,33126711220737.6,172.892106479724,6.92099076490644e-12,0.400895651795101
"483",151.179882603704,"FULL",12,-40.6835983666349,0.622078967418301,14470431268411.7,152.61655487664,1e-16,0.0245335503432171
"484",0,"FULL",12,-40.6835983666349,9.56092940409171,66828228978435.5,190.914538616656,3.73576671151151e-12,0.939290722732712
"485",0,"FULL",12,-40.6835983666349,7.8718973598443,64447321832676,583.702375367284,7.03896077744151e-12,0.843693423466291
"486",0,"FULL",12,-40.6835983666349,6.59801453233674,28311185615159.7,442.76255474052,2.23476182863928e-12,0.484303138957869
"487",0,"FULL",12,-40.6835983666349,7.76044809678569,55742523829059.2,481.954751582816,2.32165604030243e-12,0.435252610028256
"488",151.179820248196,"FULL",12,-40.6835983666349,0.336685538725052,95053105198674.5,939.401664653419,1e-16,0.0245334802212545
"489",0,"FULL",12,-40.6835983666349,10,1e+14,568.461250539375,1.80320818330687e-13,0.393093045639369
"490",0,"FULL",12,-40.6835983666349,5.95997926592827,70763993082838.1,333.984764432535,6.80430678542494e-12,0.652010846448131
"491",0,"FULL",12,-40.6835983666349,9.65827801520498,85218492728109,1000,5.38742873427993e-13,0.578464294758742
"492",151.179832815075,"FULL",12,-40.6835983666349,2.68368661972373,44866923211658.6,809.485841883121,1e-16,0.0245334282232261
"493",0,"FULL",12,-40.6835983666349,10,12158473475629.5,372.585576550603,3.22781648467612e-12,0.234804949215538
"494",151.179816051249,"FULL",12,-40.6835983666349,8.71497218974832,79332218107186.4,1000,1e-16,0.024533399872551
"495",151.179826968399,"FULL",12,-40.6835983666349,0.726998341743446,6804764720005.24,862.71091565546,1e-16,0.0245335756747906
"496",151.179825716756,"FULL",12,-40.6835983666349,3.10309927426567,1e+10,875.125710839011,1e-16,0.0245333362592925
"497",151.179815927423,"FULL",12,-40.6835983666349,8.85230391012402,1e+10,1000,1e-16,0.0245333653494035
"498",151.179880532769,"FULL",12,-40.6835983666349,1.88314740250782,87161314764005.7,165.928001358132,1e-16,0.0245335167287105
"499",0,"FULL",12,-40.6835983666349,6.22780137381153,1e+14,1000,1e-11,1
"500",0,"FULL",12,-40.6835983666349,6.11079411798119,64526834097114.6,769.125018103737,7.43163671529281e-12,0.718432430249045
"501",0,"FULL",16,-40.1207956916685,3.82694935992054,23254280970771.8,821.342834839512,1.16091109905801e-12,0.495919347044357
"502",0,"FULL",16,-40.1207956916685,7.73081380384049,39077895920417.3,499.989634029572,7.42237546095886e-12,0.387196562642742
"503",0,"FULL",16,-40.1207956916685,9.9947644044878,36098683474417.8,257.88851256948,6.32393218518451e-12,0.596357232391369
"504",0,"FULL",16,-40.1207956916685,9.44337239216548,73375126728704.2,602.6396085741,1.01766258066345e-12,0.890355529218679
"505",0,"FULL",16,-40.1207956916685,1.90643698651724,69079811336698.8,1000,5.46146520557843e-12,1
"506",0,"FULL",16,-40.1207956916685,8.70333041423,69218666107491.6,165.755510702729,7.83354583881521e-12,0.739573716421844
"507",0,"FULL",16,-40.1207956916685,2.02249856379349,12753779886704.9,812.734998669475,4.48638860140333e-12,0.948888158293441
"508",111.993892282805,"FULL",16,-40.1207956916685,10,40940369005238.6,100,1e-11,0.001
"509",0,"FULL",16,-40.1207956916685,3.23620619552676,8774091454197.19,106.331599550322,8.92094693738958e-12,0.48490157105308
"510",0,"FULL",16,-40.1207956916685,3.25813709837385,41086638515500.8,687.889964459464,5.06819819831119e-12,0.543949677120894
"511",0,"FULL",16,-40.1207956916685,8.39132257273886,37978370429747.7,409.629427432083,8.13933959825777e-12,0.67940298515046
"512",0,"FULL",16,-40.1207956916685,7.00213720893953,9561741938989.14,177.139043598436,5.05614249948091e-12,0.779312595719937
"513",0,"FULL",16,-40.1207956916685,7.09374298448674,73525924320819.3,194.890515366569,2.57897116335782e-12,0.783173820595956
"514",0,"FULL",16,-40.1207956916685,8.51026703880634,58463406519782.7,778.368402947672,5.09138832208607e-13,0.684357042939169
"515",0,"FULL",16,-40.1207956916685,4.57985174963251,69904213686131.4,881.9889430888,9.12411611278139e-12,0.36693281740183
"516",0,"FULL",16,-40.1207956916685,4.63439599713311,88543774467774.2,146.585045172833,1.15093618571269e-13,0.960060145259369
"517",111.994014527162,"FULL",16,-40.1207956916685,7.65110573588605,21153146360913.9,941.380678257413,1e-11,0.001
"518",111.994025102479,"FULL",16,-40.1207956916685,0.100127299602346,88982470717637.4,1000,1e-11,0.001
"519",111.993892282597,"FULL",16,-40.1207956916685,10,47272049419064.1,100,1e-11,0.001
"520",111.994006657676,"FULL",16,-40.1207956916685,8.90672189653449,99999471094144.2,632.564145256627,1e-11,0.001
"521",111.993892328707,"FULL",16,-40.1207956916685,10,1337424694728.87,100,1e-11,0.001
"522",0,"FULL",16,-40.1207956916685,9.01516859678086,31318179184473.1,992.499282746576,7.68720887243187e-12,0.949711245894199
"523",0,"FULL",16,-40.1207956916685,6.02269755043089,17361227407173.7,540.839952998795,1.13544150789198e-13,0.653232486447319
"524",0,"FULL",16,-40.1207956916685,3.06714708374111,33241041449337.7,393.114524277535,1.39900084061513e-12,0.71621822343435
"525",111.994004597292,"FULL",16,-40.1207956916685,10,15435603781212.9,639.30135145093,1e-11,0.001
"526",0,"FULL",16,-40.1207956916685,10,1e+14,301.408504555722,1e-11,1
"527",111.993892281968,"FULL",16,-40.1207956916685,10,88958182948658.5,100,1e-11,0.001
"528",0,"FULL",16,-40.1207956916685,6.25824083315674,82233590045503.8,878.30587385688,4.86289761007624e-12,0.851079642380122
"529",0,"FULL",16,-40.1207956916685,7.38621511440724,76357661006695.1,611.76047604531,2.60633028551745e-12,0.72266962430696
"530",0,"FULL",16,-40.1207956916685,5.19931469336152,93884857766390.8,542.249880474992,3.75434517662847e-12,0.645435484676855
"531",0,"FULL",16,-40.1207956916685,6.16655843863264,88644253821955.1,284.291760483757,1.46441368486425e-12,0.555283573796274
"532",111.993892282047,"FULL",16,-40.1207956916685,10,80102668143968.3,100,1e-11,0.001
"533",0,"FULL",16,-40.1207956916685,7.91587485927157,55381119712190.7,510.364773171023,9.68059511121192e-12,0.89955001051561
"534",0,"FULL",16,-40.1207956916685,3.70660503635626,94256994788947,843.933357972829,7.75785521821517e-12,0.749463462801765
"535",0,"FULL",16,-40.1207956916685,4.00495047838259,1e+10,100,1e-11,1
"536",111.993892282584,"FULL",16,-40.1207956916685,10,47766416389869.9,100,1e-11,0.001
"537",0,"FULL",16,-40.1207956916685,6.09985750478227,85295994056868.4,496.457533468492,1.19635260141403e-12,0.823163559193956
"538",0,"FULL",16,-40.1207956916685,7.87349945017032,85075029184403.2,1000,7.51769088177845e-12,0.513870482501097
"539",111.993892282511,"FULL",16,-40.1207956916685,10,50512727944361.6,100,1e-11,0.001
"540",0,"FULL",16,-40.1207956916685,10,15092867516074.4,1000,1e-11,0.419059012690106
"541",0,"FULL",16,-40.1207956916685,3.84024656901602,62142809728516.7,659.767659031786,1.47467875932828e-12,0.671849762867671
"542",0,"FULL",16,-40.1207956916685,8.66926171104045,7034794151016.15,328.870975857359,1e-16,0.670450475105098
"543",0,"FULL",16,-40.1207956916685,8.29438694005366,78189751335259.1,423.950506420806,4.34014243340641e-12,0.594668600180652
"544",0,"FULL",16,-40.1207956916685,6.73236865566578,37666658042925.4,582.314464217052,7.50676468357265e-12,0.549509131891187
"545",0,"FULL",16,-40.1207956916685,5.53094811174302,22712586009057.6,978.792906016188,8.45221035104662e-12,1
"546",111.993892301566,"FULL",16,-40.1207956916685,10,3124547861904.1,100,1e-11,0.001
"547",0,"FULL",16,-40.1207956916685,8.51475394816744,57203905513530.4,978.209438955789,7.74799437967589e-12,0.954658106555609
"548",0,"FULL",16,-40.1207956916685,6.29407753622819,26090870953011.5,100,1.38194764246804e-12,0.37908886689135
"549",0,"FULL",16,-40.1207956916685,6.06078668325208,58022307438026.2,869.705868535675,9.39285177902279e-12,0.913248923607636
"550",0,"FULL",16,-40.1207956916685,3.04973463835195,43193081749065.3,427.569438586943,4.94357180178845e-12,0.750472499578958
"551",0,"FULL",16,-40.1207956916685,2.87252297089435,1839382802241.02,214.124138746411,5.95131766081818e-12,0.49109491720004
"552",111.994020568065,"FULL",16,-40.1207956916685,2.69166244779183,85312833071819.7,760.964186514995,1e-11,0.001
"553",111.993892313259,"FULL",16,-40.1207956916685,10,1982983267727.61,100,1e-11,0.001
"554",111.994018717664,"FULL",16,-40.1207956916685,3.50050766369199,161140876352.924,706.630417786488,1e-11,0.001
"555",0,"FULL",16,-40.1207956916685,4.02075901150238,80902357701032.9,805.849700863473,9.56038429437662e-12,0.396095232938416
"556",0,"FULL",16,-40.1207956916685,10,79121027181070.5,661.056255434695,4.82308952307126e-12,0.51478366691291
"557",0,"FULL",16,-40.1207956916685,2.78452362339012,77970819502887.3,931.20139639359,6.37687319276566e-12,0.686921882508788
"558",0,"FULL",16,-40.1207956916685,9.66636649146676,4313055155801.12,722.179498849437,1.22092140892637e-12,0.974604803770315
"559",0,"FULL",16,-40.1207956916685,10,57959734460691.9,990.407957457528,1e-11,0.624996023803338
"560",0,"FULL",16,-40.1207956916685,1.8154186836151,1e+10,100,1e-16,1
"561",0,"FULL",16,-40.1207956916685,6.11501079849431,75039847347548.5,822.72514043706,2.47476376979881e-12,0.467494699412202
"562",0,"FULL",16,-40.1207956916685,10,86697558329187.4,1000,1e-11,0.854119781999225
"563",0,"FULL",16,-40.1207956916685,4.61679408953059,59943668959606.4,940.618225932121,6.64960722897966e-12,0.412905812126352
"564",111.993892282466,"FULL",16,-40.1207956916685,10,52380946506642.5,100,1e-11,0.001
"565",111.993892282915,"FULL",16,-40.1207956916685,10,38230604761743.8,100,1e-11,0.001
"566",0,"FULL",16,-40.1207956916685,8.8646583177615,90476645752454.6,222.628933191299,9.27056540951375e-12,0.530626994712977
"567",111.99389228334,"FULL",16,-40.1207956916685,10,30441588825588.6,100,1e-11,0.001
"568",0,"FULL",16,-40.1207956916685,8.2712445760902,94092307359005.3,787.73193607863,1e-11,0.910643932313304
"569",0,"FULL",16,-40.1207956916685,5.24680582059082,73604109436851,318.394431029446,1.60855384158723e-12,0.954730508525623
"570",111.993892282306,"FULL",16,-40.1207956916685,10,60402474501256.9,100,1e-11,0.001
"571",0,"FULL",16,-40.1207956916685,6.80328653288416,1e+14,721.308749145783,9.76611950867816e-12,0.540458619458656
"572",0,"FULL",16,-40.1207956916685,8.54082178201702,31929965937873.7,559.343254831023,2.41288684061902e-12,0.650788267636268
"573",0,"FULL",16,-40.1207956916685,6.41794105826411,47737823910680.6,674.907268793322,6.93174305650175e-12,0.537368096381892
"574",111.993892282671,"FULL",16,-40.1207956916685,10,44826174987282.4,100,1e-11,0.001
"575",111.994025081398,"FULL",16,-40.1207956916685,0.100019451705441,28251137689162.3,881.935242930725,1e-11,0.001
"576",111.993920943927,"FULL",16,-40.1207956916685,7.86140960399207,6853493441960.65,100,1e-11,0.001
"577",0,"FULL",16,-40.1207956916685,9.59920125088529,40665392000073.2,737.015379754198,5.15946097643803e-13,0.914458013431413
"578",0,"FULL",16,-40.1207956916685,4.17366517100017,31356069979253.2,746.091655828059,8.01056062956918e-12,0.779141681683948
"579",111.994024851264,"FULL",16,-40.1207956916685,0.191728493297129,10000000349.9481,656.101117706876,1e-11,0.001
"580",0,"FULL",16,-40.1207956916685,6.49630671271589,45881806409859.6,843.435755837709,2.67346705201566e-12,0.579801805328578
"581",111.993892282549,"FULL",16,-40.1207956916685,10,49032894901989.6,100,1e-11,0.001
"582",111.993892284969,"FULL",16,-40.1207956916685,10,17086398787076.1,100,1e-11,0.001
"583",0,"FULL",16,-40.1207956916685,2.78782235221839,23181508380983.1,236.976253332964,9.00199069862418e-13,0.748958857370695
"584",111.993898618136,"FULL",16,-40.1207956916685,10,10000000000.0665,100,1e-11,0.001
"585",111.994024836998,"FULL",16,-40.1207956916685,0.261177220286798,10080688372518.3,873.857558851865,1e-11,0.001
"586",111.993892281994,"FULL",16,-40.1207956916685,10,85868525800687.2,100,1e-11,0.001
"587",111.993892282838,"FULL",16,-40.1207956916685,10,40085032452012.4,100,1e-11,0.001
"588",0,"FULL",16,-40.1207956916685,9.79331467197163,31928962686543.1,1000,1e-11,1
"589",111.99401146521,"FULL",16,-40.1207956916685,10,99962969772035.8,956.947415918871,1e-11,0.001
"590",0,"FULL",16,-40.1207956916685,5.67436548400524,43624885873472.3,100,3.47914407926522e-12,1
"591",111.993892282005,"FULL",16,-40.1207956916685,10,84611373169206.1,100,1e-11,0.001
"592",111.994024241069,"FULL",16,-40.1207956916685,0.65196383064859,1213242680349.31,867.315730703427,1e-11,0.001
"593",111.993892282171,"FULL",16,-40.1207956916685,10,69299338809493.8,100,1e-11,0.001
"594",111.99389228259,"FULL",16,-40.1207956916685,10,47527737126844.5,100,1e-11,0.001
"595",0,"FULL",16,-40.1207956916685,6.04990735762288,1e+14,855.467708053064,3.5385651597872e-12,0.808031159158866
"596",0,"FULL",16,-40.1207956916685,2.2540073917713,19321636100974.9,553.484354214743,5.42861424886771e-12,0.944073807124747
"597",0,"FULL",16,-40.1207956916685,7.03923822664656,67203893472724.6,417.602712614462,2.73303457929506e-12,0.463033174052835
"598",149.516308875353,"FULL",16,-40.1207956916685,1.40440704440031,1e+14,642.072875653286,6.42905405591033e-12,1
"599",0,"FULL",16,-40.1207956916685,9.96217357530259,37030879253568.1,630.204804940149,3.25621125670557e-12,0.406292445733212
"600",0,"FULL",16,-40.1207956916685,6.20272592151951,39825281694337,281.652598985409,5.57761175139291e-12,0.520053060437203
"601",119.328623305401,"FULL",20,-39.5733517797917,10,64614695569289.7,100,1e-11,0.001
"602",0,"FULL",20,-39.5733517797917,10,1e+10,100,6.49957796784236e-12,0.700883121792534
"603",119.328623293689,"FULL",20,-39.5733517797917,10,82369341312344.7,100,1e-11,0.001
"604",119.328623312709,"FULL",20,-39.5733517797917,10,56954380154318.9,100,1e-11,0.001
"605",119.328623292966,"FULL",20,-39.5733517797917,10,83791416958365.3,100,1e-11,0.001
"606",0,"FULL",20,-39.5733517797917,5.00022464531939,44827289057150.5,428.177519468591,7.7927981199573e-12,0.629877790584927
"607",119.328623291435,"FULL",20,-39.5733517797917,10,86969306354703.9,100,1e-11,0.001
"608",119.328623292497,"FULL",20,-39.5733517797917,10,84739129932876.5,100,1e-11,0.001
"609",0,"FULL",20,-39.5733517797917,5.66712130804021,1e+14,303.064479845884,9.40976524069396e-12,0.463787738812363
"610",119.328623287595,"FULL",20,-39.5733517797917,10,96111919801185.8,100,1e-11,0.001
"611",0,"FULL",20,-39.5733517797917,9.85883837945294,4357815886265.6,407.398944115266,8.02873080973832e-12,0.983186223755125
"612",119.328623286174,"FULL",20,-39.5733517797917,10,1e+14,100,1e-11,0.001
"613",0,"FULL",20,-39.5733517797917,10,83805667960060.8,406.518192789693,7.6275477991248e-12,1
"614",0,"FULL",20,-39.5733517797917,8.91407191513715,30455090208266,1000,3.43657921209255e-12,0.584867036542361
"615",0,"FULL",20,-39.5733517797917,5.43117047115229,35619566042728.3,958.372774487361,7.14791414034085e-12,0.381907743255608
"616",119.328623404255,"FULL",20,-39.5733517797917,10,22918244630949.1,100,1e-11,0.001
"617",0,"FULL",20,-39.5733517797917,6.53215917526875,29674760149273.8,717.168571393991,8.51081161475128e-12,0.756934020963937
"618",0,"FULL",20,-39.5733517797917,7.33609088752419,68081856660821.9,705.162262520753,5.70666657489072e-13,0.346787652467377
"619",0,"FULL",20,-39.5733517797917,8.97221553096631,1e+10,1000,1e-16,0.353997626192966
"620",0,"FULL",20,-39.5733517797917,7.88191589729395,23322911316624.4,365.256820595823,1.27359922737984e-12,0.629759186634095
"621",119.328623315706,"FULL",20,-39.5733517797917,10,54313631058596.4,100,1e-11,0.001
"622",119.328623291991,"FULL",20,-39.5733517797917,10,85786899112498.5,100,1e-11,0.001
"623",0,"FULL",20,-39.5733517797917,9.17789537520148,41276324738024.3,266.798335453495,8.54962538549171e-12,0.572218709578272
"624",0,"FULL",20,-39.5733517797917,2.18222343638087,9912924799611.52,114.535988587352,8.52271576387478e-12,0.788464841881029
"625",119.328623290694,"FULL",20,-39.5733517797917,10,88594103927500.4,100,1e-11,0.001
"626",0,"FULL",20,-39.5733517797917,6.08111761636101,60058647020747.9,986.0543273855,3.01987825123228e-12,0.751648963267915
"627",119.328623357853,"FULL",20,-39.5733517797917,10,32876809542953,100,1e-11,0.001
"628",0,"FULL",20,-39.5733517797917,10,71928466522399,799.137379469291,8.34661239794617e-12,1
"629",0,"FULL",20,-39.5733517797917,7.70345604114337,79957093639006.4,595.383143412589,1.53920033028496e-12,0.849047853560122
"630",0,"FULL",20,-39.5733517797917,10,1e+14,1000,2.02199143577969e-12,0.355453332335354
"631",0,"FULL",20,-39.5733517797917,7.91855097736127,65563906594399.2,688.768246114158,1e-11,0.594666188072924
"632",0,"FULL",20,-39.5733517797917,2.81787527332823,56453888133844.7,100,1e-16,0.631451231797774
"633",119.328623290068,"FULL",20,-39.5733517797917,10,90016127542705.3,100,1e-11,0.001
"634",119.329207205747,"FULL",20,-39.5733517797917,10,61525657473606.6,999.405453782445,1e-11,0.001
"635",0,"FULL",20,-39.5733517797917,3.13667660805422,86615401284940.7,202.873035754366,1e-11,1
"636",0,"FULL",20,-39.5733517797917,10,1e+14,1000,1e-11,1
"637",119.328623317011,"FULL",20,-39.5733517797917,10,53238906523649.1,100,1e-11,0.001
"638",0,"FULL",20,-39.5733517797917,8.47418075231835,29404439426667.5,377.931885328144,7.41212148676796e-12,0.884127391556045
"639",119.328623365448,"FULL",20,-39.5733517797917,10,30693828110535.7,100,1e-11,0.001
"640",119.328623321066,"FULL",20,-39.5733517797917,10,50154402380461.2,100,1e-11,0.001
"641",0,"FULL",20,-39.5733517797917,10,73234091842997.1,561.361439536013,3.9513503388072e-12,0.360745777438108
"642",0,"FULL",20,-39.5733517797917,10,1e+14,1000,1e-11,0.895956967731443
"643",0,"FULL",20,-39.5733517797917,10,86236161386705.4,1000,1e-11,1
"644",119.328623394368,"FULL",20,-39.5733517797917,10,24499503174484,100,1e-11,0.001
"645",119.329142783176,"FULL",20,-39.5733517797917,2.00065766312762,55901469483434.6,100,1e-11,0.001
"646",0,"FULL",20,-39.5733517797917,7.17949346820824,24841444585963.6,668.482815986499,2.59353749182159e-12,0.378760684378678
"647",0,"FULL",20,-39.5733517797917,3.81332363786642,19870448140974.6,905.216153571382,2.15014283363e-12,0.547110273888335
"648",0,"FULL",20,-39.5733517797917,4.11249963522215,5555286149912.92,909.742111306765,5.47585706842163e-12,0.805556491789304
"649",0,"FULL",20,-39.5733517797917,9.91143766206224,46072483367386.7,128.054711036384,6.64659213238233e-13,0.332745865543606
"650",119.328623453698,"FULL",20,-39.5733517797917,10,17326005704395,100,1e-11,0.001
"651",119.32862367492,"FULL",20,-39.5733517797917,10,8283028466164.41,100,1e-11,0.001
"652",119.328623331213,"FULL",20,-39.5733517797917,10,43804865445528.5,100,1e-11,0.001
"653",0,"FULL",20,-39.5733517797917,5.8794421503786,50393007502858.5,866.019807173871,1.52933657538658e-12,0.375837100130739
"654",0,"FULL",20,-39.5733517797917,8.73874213101808,3226996945475.69,871.121314866468,8.63647353919251e-12,0.643579653947614
"655",126.338185124817,"FULL",20,-39.5733517797917,0.237703562758095,37725852859513.5,342.55953548153,3.61958334316227e-12,0.991043169407465
"656",0,"FULL",20,-39.5733517797917,7.37593152693007,60315107679015.5,866.111727524549,2.41184276345437e-12,0.692052879082039
"657",0,"FULL",20,-39.5733517797917,8.01143822395243,80224448322367.4,423.767950874753,9.61455390903845e-12,0.992201170941116
"658",119.328623299104,"FULL",20,-39.5733517797917,10,73083718779142.2,100,1e-11,0.001
"659",119.32862328638,"FULL",20,-39.5733517797917,10,99416375735398.7,100,1e-11,0.001
"660",0,"FULL",20,-39.5733517797917,8.34076589120086,28615924202215.4,972.850903519429,7.85432023628747e-12,0.801495307727251
"661",0,"FULL",20,-39.5733517797917,8.52753971300553,92772961687238.4,172.18898285646,9.54197845469981e-12,0.414117466934025
"662",119.328623297633,"FULL",20,-39.5733517797917,10,75392310011455.5,100,1e-11,0.001
"663",126.316897753897,"FULL",20,-39.5733517797917,0.206801672726414,45885677808499.9,530.516539400561,6.85114123983685e-12,0.514957063677145
"664",119.328623294074,"FULL",20,-39.5733517797917,10,81632802162645.3,100,1e-11,0.001
"665",0,"FULL",20,-39.5733517797917,8.16736489529722,48468235842341.1,981.138183176517,6.33202987483067e-12,0.576892166482518
"666",119.329266920783,"FULL",20,-39.5733517797917,0.560106048961502,17249709738542.2,789.446123671949,1e-11,0.001
"667",119.328623294958,"FULL",20,-39.5733517797917,10,79987777745399.7,100,1e-11,0.001
"668",0,"FULL",20,-39.5733517797917,8.78538242110517,19390637758176.3,414.111640094779,1.73048062406119e-12,0.6874563269231
"669",0,"FULL",20,-39.5733517797917,7.10179514568299,90104526164638.8,861.181892943569,2.40282271046727e-12,0.660236404339317
"670",119.32862342538,"FULL",20,-39.5733517797917,10,20140787121735.5,100,1e-11,0.001
"671",0,"FULL",20,-39.5733517797917,8.77635315819643,17525294576508.5,636.140271974728,5.69109672862967e-12,0.59025171006145
"672",0,"FULL",20,-39.5733517797917,8.00310388871003,73525988575650.8,113.454564544372,2.44456708585327e-12,0.555525067777839
"673",0,"FULL",20,-39.5733517797917,9.79487201699521,70392799882071.6,205.782756628469,5.91876048121031e-12,0.335941581091844
"674",0,"FULL",20,-39.5733517797917,9.08490841120947,9214868377128.15,216.571586788632,6.13268000581069e-12,0.785872089901008
"675",119.329236820469,"FULL",20,-39.5733517797917,2.57273960277907,5075942137454.05,476.534953178455,1e-11,0.001
"676",0,"FULL",20,-39.5733517797917,9.78286289824173,41320128327587.2,654.698543413542,6.48456731536286e-12,0.328403062479803
"677",0,"FULL",20,-39.5733517797917,3.41403384129517,77473633077116.7,860.78609675169,2.6452554406208e-12,0.557686605069088
"678",119.329244566575,"FULL",20,-39.5733517797917,0.418301220096406,66948474790441.1,100,1e-11,0.001
"679",0,"FULL",20,-39.5733517797917,9.42648757963907,50847023458683.4,555.527397431433,4.15509770837433e-12,0.671384176709922
"680",119.328623323032,"FULL",20,-39.5733517797917,10,48784440622317.5,100,1e-11,0.001
"681",0,"FULL",20,-39.5733517797917,5.82278040237725,71159564357157.8,477.83686358016,5.88061295405396e-12,0.53340643530502
"682",126.326613002156,"FULL",20,-39.5733517797917,1.44588714887143,85450612061179.2,678.843679356628,9.44784306894846e-12,0.657223164898366
"683",0,"FULL",20,-39.5733517797917,8.34248546465264,1e+14,816.787220458777,1e-11,0.281192157759929
"684",119.328623359203,"FULL",20,-39.5733517797917,10,32466502831456.5,100,1e-11,0.001
"685",0,"FULL",20,-39.5733517797917,10,58282858312146.5,1000,7.00515249244003e-12,0.933073926503326
"686",119.328623290775,"FULL",20,-39.5733517797917,10,88413878003245.9,100,1e-11,0.001
"687",119.328623361573,"FULL",20,-39.5733517797917,10,31770081486926.1,100,1e-11,0.001
"688",0,"FULL",20,-39.5733517797917,8.71416114236865,30150481834110.1,966.110153589316,1e-11,0.885443899528456
"689",119.328623301111,"FULL",20,-39.5733517797917,10,70153170566466.2,100,1e-11,0.001
"690",0,"FULL",20,-39.5733517797917,6.89730340325988,16345776537339.4,272.786169731284,6.76386769432958e-12,0.557317036941662
"691",0,"FULL",20,-39.5733517797917,7.69103750825872,74304910754007.6,1000,1e-11,1
"692",0,"FULL",20,-39.5733517797917,6.87269509248435,10977059389869.7,662.569048861042,2.22443230716258e-12,0.980503903914709
"693",0,"FULL",20,-39.5733517797917,3.62255205037072,34841109050763.8,443.091676360928,2.00564085006355e-12,0.61136896522087
"694",0,"FULL",20,-39.5733517797917,2.79920207215473,66687161285942.4,779.279263527133,9.73900615929444e-12,0.956945257218555
"695",0,"FULL",20,-39.5733517797917,10,8273155797804.84,953.790241424061,1e-11,0.893891748275019
"696",119.328623286174,"FULL",20,-39.5733517797917,10,1e+14,100,1e-11,0.001
"697",126.205641609728,"FULL",20,-39.5733517797917,1.79641384156823,99227409378444,494.843161492383,1.74561488374747e-12,0.845865566016317
"698",0,"FULL",20,-39.5733517797917,9.66755681021243,76504512738764.5,832.96322446691,1e-11,1
"699",0,"FULL",20,-39.5733517797917,9.49924973592965,1e+10,614.658571990238,1.35806347020156e-12,0.958362690124939
"700",119.329216732622,"FULL",20,-39.5733517797917,7.09911401719823,1e+14,832.921810261903,1e-11,0.001
"701",0,"FULL",24,-39.0406463881741,4.72677668435142,72078170324845.9,978.320790800106,8.0282837564239e-12,0.421213376516977
"702",0,"FULL",24,-39.0406463881741,10,1e+14,1000,1e-16,1
"703",0,"FULL",24,-39.0406463881741,9.40702666691223,1e+14,543.486145693898,4.58996611414915e-12,1
"704",0,"FULL",24,-39.0406463881741,6.59894874602066,74691999389652.5,1000,7.07769322677691e-12,0.991034142307002
"705",0,"FULL",24,-39.0406463881741,4.88857017525006,11826184194753.9,673.923553130589,3.29459883916818e-12,0.997319681663765
"706",0,"FULL",24,-39.0406463881741,4.55226237399038,16402861938865.4,758.371337386779,6.96725914406835e-12,0.672690018745605
"707",139.953382030174,"FULL",24,-39.0406463881741,10,25132562332398,100,1e-11,0.001
"708",139.953381806217,"FULL",24,-39.0406463881741,10,87428369624940.8,100,1e-11,0.001
"709",0,"FULL",24,-39.0406463881741,4.97283675766708,93624023772838.5,606.798680495163,8.81421553627119e-12,1
"710",139.953386238699,"FULL",24,-39.0406463881741,10,1746508879141.05,100,1e-11,0.001
"711",0,"FULL",24,-39.0406463881741,5.04228234840557,6823272235263.14,376.961322547868,6.72351890597462e-12,0.573946461717365
"712",139.953382418857,"FULL",24,-39.0406463881741,10,11236787222409.8,100,1e-11,0.001
"713",0,"FULL",24,-39.0406463881741,5.41859798624646,64754759061532.1,841.393027361482,2.16999374320055e-12,0.984787882061209
"714",0,"FULL",24,-39.0406463881741,10,1e+14,381.523813868681,6.57705371385388e-12,0.814116335619081
"715",139.953382346303,"FULL",24,-39.0406463881741,10,12529980698346.9,100,1e-11,0.001
"716",0,"FULL",24,-39.0406463881741,9.72644327681046,37909148443660.2,100.20668474026,5.42875897262024e-12,0.310455042305402
"717",139.95338194616,"FULL",24,-39.0406463881741,10,34301175636772.9,100,1e-11,0.001
"718",0,"FULL",24,-39.0406463881741,8.32665403792635,70001869925134.8,797.439581272192,7.32483211176817e-12,0.93770239758282
"719",139.95338180628,"FULL",24,-39.0406463881741,10,87368111184310.1,100,1e-11,0.001
"720",0,"FULL",24,-39.0406463881741,6.89535844780572,11862238589785.8,723.186102558528,1.48664274530423e-12,0.878069483132515
"721",139.953381794858,"FULL",24,-39.0406463881741,10,1e+14,100,1e-11,0.001
"722",139.953381864481,"FULL",24,-39.0406463881741,10,53152921999383.3,100,1e-11,0.001
"723",0,"FULL",24,-39.0406463881741,3.17737473490735,98285457222684.1,164.307006448562,1.79882906417186e-12,0.773864442488117
"724",0,"FULL",24,-39.0406463881741,3.96449596856727,41831753542830.5,711.520079768966,8.75450519465805e-12,0.924434447324219
"725",0,"FULL",24,-39.0406463881741,7.05974461864585,77418231639707.6,222.460624522522,8.86618447959351e-12,0.675437459957225
"726",0,"FULL",24,-39.0406463881741,5.29329968867823,7781019600029.1,842.472327733412,9.69862002979512e-12,0.837537997508189
"727",0,"FULL",24,-39.0406463881741,10,65902489838411.4,1000,5.84962203124362e-12,0.914814034972222
"728",0,"FULL",24,-39.0406463881741,9.67563524630386,15066328594074.6,856.3196079107,7.767809495053e-12,0.621598030192777
"729",139.953382455187,"FULL",24,-39.0406463881741,10,10684623307247.1,100,1e-11,0.001
"730",139.953382302695,"FULL",24,-39.0406463881741,10,13461094160287.6,100,1e-11,0.001
"731",0,"FULL",24,-39.0406463881741,9.22217333903536,22870520053526.9,561.4703792613,5.42983165457814e-12,0.536651130835526
"732",139.953381838312,"FULL",24,-39.0406463881741,10,64512589365600.3,100,1e-11,0.001
"733",0,"FULL",24,-39.0406463881741,6.3324662230676,77960194151669.3,360.239435569383,4.21172848363749e-12,0.923200206780573
"734",139.953382332756,"FULL",24,-39.0406463881741,10,12805140045772.8,100,1e-11,0.001
"735",0,"FULL",24,-39.0406463881741,7.07455814587884,57140126269450.4,828.857750352472,8.51002561267293e-12,0.796824113069335
"736",139.953381898053,"FULL",24,-39.0406463881741,10,43358402325521.9,100,1e-11,0.001
"737",0,"FULL",24,-39.0406463881741,9.2956275372766,36588458314898.9,828.312331112102,9.32264656331879e-13,0.851030388862826
"738",0,"FULL",24,-39.0406463881741,6.46883485371252,1e+14,262.773674007115,1e-11,1
"739",0,"FULL",24,-39.0406463881741,3.39292538922746,38578434381601.4,788.367836363614,3.47496377094057e-12,0.484137958247913
"740",139.953381874463,"FULL",24,-39.0406463881741,10,49807672857753.8,100,1e-11,0.001
"741",139.953381801519,"FULL",24,-39.0406463881741,10,92224225598566.7,100,1e-11,0.001
"742",0,"FULL",24,-39.0406463881741,9.94600270688534,84596539334771.2,597.510911035351,6.08001421526799e-12,0.59604316626396
"743",139.953381825194,"FULL",24,-39.0406463881741,10,72253213568362.8,100,1e-11,0.001
"744",139.953381856488,"FULL",24,-39.0406463881741,10,56174019424296.7,100,1e-11,0.001
"745",0,"FULL",24,-39.0406463881741,6.91160587206126,23706250846319.7,654.446741449771,2.1776094075662e-12,0.371108781228032
"746",0,"FULL",24,-39.0406463881741,7.70216245981865,73987737321080.6,736.763066146523,4.09054208822148e-12,0.759056379983434
"747",0,"FULL",24,-39.0406463881741,3.27115692243322,86424174314973.9,246.028132694652,2.36315684358316e-12,0.857294369259459
"748",139.953381800557,"FULL",24,-39.0406463881741,10,93271568697179,100,1e-11,0.001
"749",139.953381794858,"FULL",24,-39.0406463881741,10,1e+14,100,1e-11,0.001
"750",0,"FULL",24,-39.0406463881741,5.8908802456921,57940168554589.6,557.940410729498,6.66964797959244e-13,0.563130033072317
"751",0,"FULL",24,-39.0406463881741,7.41946079612244,64340055561915.5,899.407351133414,4.03142388914176e-13,0.75764842750784
"752",0,"FULL",24,-39.0406463881741,5.66111695889849,22528848222927.2,787.315584812313,1.29848678616902e-12,0.984317291794112
"753",139.95338194436,"FULL",24,-39.0406463881741,10,34571334040422.6,100,1e-11,0.001
"754",139.95338181613,"FULL",24,-39.0406463881741,10,78784900368886.9,100,1e-11,0.001
"755",0,"FULL",24,-39.0406463881741,9.2774122388967,27059712043107.6,720.32629799876,1.91708702309764e-12,0.944692746965016
"756",0,"FULL",24,-39.0406463881741,10,72826993206042.1,812.308257797204,7.06256363482834e-12,1
"757",0,"FULL",24,-39.0406463881741,7.35383912953548,20519431950070.4,492.900509620085,1.76102157565008e-12,0.946962861296954
"758",0,"FULL",24,-39.0406463881741,2.57695584229659,79295015896745,552.479011146352,9.70141735723128e-12,0.55996005749586
"759",0,"FULL",24,-39.0406463881741,7.20616062704939,94392632713255,759.885152685456,5.98420487456305e-12,0.603704318118747
"760",0,"FULL",24,-39.0406463881741,4.70696531303693,75928563284061.4,815.791594190523,6.29754171729148e-12,0.976334579045186
"761",0,"FULL",24,-39.0406463881741,2.64144721364107,66786627114307.4,945.510641762975,5.04359081456712e-12,0.918993713866736
"762",0,"FULL",24,-39.0406463881741,10,37904799127547.5,937.200517103373,8.86658045656083e-12,1
"763",0,"FULL",24,-39.0406463881741,2.77391703759786,16269861817606.7,422.838339558803,5.9646454404322e-12,0.819578501190292
"764",0,"FULL",24,-39.0406463881741,10,55044373471589.1,1000,6.87701383607574e-12,0.429949064866123
"765",0,"FULL",24,-39.0406463881741,2.22988958877977,64794182031394.4,336.382672074251,5.34765104969593e-12,0.880445072544273
"766",0,"FULL",24,-39.0406463881741,5.33495721271412,73002073586737.6,800.328369390763,1e-11,0.421712620326029
"767",0,"FULL",24,-39.0406463881741,8.84374545845203,89497729959373.8,720.49340212252,7.91116967441002e-13,0.366880768756615
"768",167.984089323444,"FULL",24,-39.0406463881741,2.02258135094056,75156163714167.8,702.005832349334,8.24098071997336e-12,0.718375679960729
"769",0,"FULL",24,-39.0406463881741,7.04857405956735,99979367537668.8,817.133584894995,5.44197419030325e-12,0.889953795857034
"770",139.955112418153,"FULL",24,-39.0406463881741,10,1e+14,919.440877852694,1e-11,0.001
"771",0,"FULL",24,-39.0406463881741,10,1e+14,394.025936327395,5.03315274820114e-12,1
"772",0,"FULL",24,-39.0406463881741,8.11684010375757,92036634842248.2,192.055178410374,3.55297903768041e-12,0.459506101520965
"773",0,"FULL",24,-39.0406463881741,9.88326053822166,1e+10,247.476516973196,6.86990329096614e-12,0.523328981871642
"774",0,"FULL",24,-39.0406463881741,7.41885201178957,52846988683929.7,586.312599550001,4.76869563922712e-12,0.399480399405351
"775",0,"FULL",24,-39.0406463881741,7.15199437802657,33519727647106.6,107.846828037873,2.28501021387097e-12,0.640167942720465
"776",139.953382053055,"FULL",24,-39.0406463881741,10,23427104069353,100,1e-11,0.001
"777",139.953381862397,"FULL",24,-39.0406463881741,10,53909035890346.4,100,1e-11,0.001
"778",0,"FULL",24,-39.0406463881741,5.76807443213183,43468643785654.6,803.444805229083,3.12227230265487e-12,0.402311660464155
"779",0,"FULL",24,-39.0406463881741,4.80514919672264,6312497024005.92,238.757331586469,1e-16,0.937269064378718
"780",139.953382084808,"FULL",24,-39.0406463881741,10,21410830955212,100,1e-11,0.001
"781",0,"FULL",24,-39.0406463881741,4.2528276420664,27478715979817.8,900.271940673701,8.04412037721607e-12,0.567886161984643
"782",139.953381842062,"FULL",24,-39.0406463881741,10,62595490861486.8,100,1e-11,0.001
"783",0,"FULL",24,-39.0406463881741,10,38562908583051.1,984.857759424203,7.17056733000582e-12,0.646592233451265
"784",0,"FULL",24,-39.0406463881741,3.09417368078894,1e+14,462.450857791713,5.16231191876753e-12,1
"785",139.953381905592,"FULL",24,-39.0406463881741,10,41635530487202.2,100,1e-11,0.001
"786",0,"FULL",24,-39.0406463881741,8.3877851732308,20117559465167.6,568.155036726967,7.59317766019751e-12,0.810211188088404
"787",0,"FULL",24,-39.0406463881741,7.67536001915578,44373620426626.9,698.083273181692,3.03748960386377e-12,0.627259807066992
"788",0,"FULL",24,-39.0406463881741,2.26782425506972,59205059694533.7,906.799140106887,3.56537957620027e-12,0.886308382863179
"789",0,"FULL",24,-39.0406463881741,1.97806544192135,17954922331660.1,156.764678820036,1.68356911548381e-12,0.732375276746228
"790",0,"FULL",24,-39.0406463881741,9.00387802959252,68101749775298.8,1000,3.23771827499204e-12,0.609585347184278
"791",139.95338179913,"FULL",24,-39.0406463881741,10,94870239120753.3,100,1e-11,0.001
"792",139.953381831303,"FULL",24,-39.0406463881741,10,68429386313128.1,100,1e-11,0.001
"793",139.953381794858,"FULL",24,-39.0406463881741,10,1e+14,100,1e-11,0.001
"794",0,"FULL",24,-39.0406463881741,6.4401643671561,44794997093146.7,333.671718789265,6.94732391106682e-12,0.735347185283201
"795",0,"FULL",24,-39.0406463881741,2.2045121250907,66978565002032.6,225.979443499818,8.72892535356486e-12,0.93610961730266
"796",0,"FULL",24,-39.0406463881741,5.71951421028225,38303394822093.5,100,1e-11,1
"797",0,"FULL",24,-39.0406463881741,6.5604829998762,42942683721530.3,294.356915637178,6.22998057692448e-12,0.715357475289806
"798",0,"FULL",24,-39.0406463881741,5.2754829944119,89079382566874.4,411.157467617144,1e-16,0.305917358879276
"799",139.953381854108,"FULL",24,-39.0406463881741,10,57141380533717.6,100,1e-11,0.001
"800",0,"FULL",24,-39.0406463881741,5.18425025921315,31466162903863,911.923185060732,8.6431286897887e-12,0.774097153115086
