Particle ID,Area (ABD),Aspect Ratio,Average Blue,Average Green,Average Red,Circle Fit,Circularity (Hu),Compactness,Diameter (ABD),Diameter (ESD),Elongation,Geodesic Aspect Ratio,Geodesic Length,Geodesic Thickness,Intensity,Length,Perimeter,Roughness,Sigma Intensity,Sum Intensity,Transparency,Volume (ABD),Width
1,20.63,0.77,140.21,120.91,116.30,0.86,0.97,1.00,5.12,5.45,1.00,1.00,5.97,5.97,121.70,6.48,23.88,1.05,23.98,18133.00,0.06,7.046599e+001,4.39
2,29.52,0.82,127.79,120.13,112.56,0.88,0.98,1.02,6.13,6.47,1.00,1.00,6.83,6.83,118.72,7.32,27.33,1.05,26.21,22675.00,0.05,1.206579e+002,5.58
3,104.33,0.88,141.11,148.38,157.92,0.48,0.75,4.71,11.53,16.30,12.71,0.08,45.66,3.59,150.09,18.03,98.50,1.92,28.52,75793.00,0.29,8.016730e+002,13.77
4,31.92,0.85,165.19,159.74,160.97,0.47,0.75,4.00,6.38,8.80,10.47,0.10,25.41,2.43,160.70,10.02,55.68,1.63,33.08,32461.00,0.28,1.356881e+002,6.91
5,113.16,0.75,149.17,155.95,158.37,0.32,0.71,3.99,12.00,15.07,10.43,0.10,41.82,4.01,154.48,17.86,91.66,1.80,24.19,83421.00,0.20,9.054833e+002,12.34
6,49.60,0.87,169.27,162.07,160.24,0.59,0.77,3.90,7.95,11.43,10.16,0.10,30.92,3.04,162.35,12.99,67.92,1.91,27.87,45459.00,0.30,2.628054e+002,9.92
7,43.83,0.70,169.99,158.19,153.59,0.43,0.64,3.68,7.47,10.51,9.44,0.11,27.59,2.92,156.88,12.22,61.02,1.68,23.99,40004.00,0.29,2.182945e+002,9.15
8,64.49,0.84,134.45,131.57,130.95,0.86,0.98,1.09,9.06,10.38,1.00,1.00,10.10,10.10,130.04,11.61,40.40,1.50,7.84,44605.00,0.13,3.895776e+002,8.57
9,91.35,0.91,151.07,145.89,146.59,0.56,0.79,3.60,10.78,14.00,9.20,0.11,35.67,3.88,146.05,15.42,79.10,1.57,37.64,66160.00,0.23,6.567749e+002,12.65
10,67.85,0.94,153.24,152.56,154.11,0.90,0.99,1.12,9.29,11.12,1.00,1.00,10.83,10.83,147.87,11.97,43.33,1.58,13.04,52789.00,0.16,4.204523e+002,10.29
11,39.73,0.58,145.45,138.57,141.27,0.69,0.87,1.12,7.11,7.93,1.00,1.00,7.98,7.98,136.98,9.99,31.94,1.04,13.07,32464.00,0.10,1.884022e+002,4.70
12,51.47,0.81,164.12,164.36,162.61,0.49,0.79,3.49,8.10,10.29,8.86,0.11,27.91,3.15,163.81,10.97,62.12,1.60,49.23,47178.00,0.21,2.777638e+002,8.79
13,43.60,0.89,160.81,154.76,155.65,0.88,0.98,1.15,7.45,9.76,1.00,1.00,9.82,9.82,152.00,10.42,39.29,1.85,8.46,38607.00,0.24,2.165858e+002,8.92
14,79.02,0.93,147.94,141.44,145.40,0.54,0.81,3.35,10.03,12.36,8.42,0.12,32.18,3.82,143.21,12.99,72.01,1.59,38.06,57714.00,0.19,5.284557e+002,10.84
15,116.96,0.66,122.32,131.61,128.18,0.50,0.75,3.23,12.20,16.86,8.03,0.12,36.88,4.60,129.30,19.78,82.95,1.40,14.59,71762.00,0.28,9.514734e+002,13.19
16,44.75,0.73,127.03,126.22,127.85,0.78,0.93,1.16,7.55,8.39,1.00,1.00,8.49,8.49,126.14,9.88,33.96,1.06,31.94,32669.00,0.10,2.251852e+002,6.35
17,165.61,0.49,157.04,158.64,161.11,0.44,0.71,3.14,14.52,19.07,7.72,0.13,42.14,5.46,158.85,25.82,95.19,1.52,32.75,118183.00,0.24,1.603290e+003,11.10
18,43.14,0.57,159.82,158.16,159.51,0.49,0.65,3.10,7.41,11.04,7.59,0.13,24.17,3.18,156.60,13.58,54.71,1.34,14.52,39463.00,0.33,2.131852e+002,7.30
19,103.33,0.82,127.68,130.56,135.27,0.81,0.96,1.19,11.47,12.38,1.00,1.00,11.94,11.94,125.57,13.62,47.76,1.07,9.44,62910.00,0.07,7.901261e+002,10.28
20,43.83,0.84,168.62,166.21,169.56,0.63,0.81,3.06,7.47,9.76,7.48,0.13,24.13,3.23,167.33,10.92,54.71,1.48,32.14,42669.00,0.23,2.182945e+002,8.57
21,69.06,0.83,168.14,161.86,158.99,0.61,0.84,3.03,9.38,11.83,7.40,0.14,28.60,3.87,161.23,13.27,64.92,1.49,31.38,58365.00,0.21,4.317085e+002,10.52
22,27.15,0.56,165.83,149.53,133.45,0.53,0.64,2.91,5.88,8.27,6.99,0.14,19.61,2.80,145.15,10.18,44.82,1.39,20.35,26127.00,0.29,1.063919e+002,6.19
23,104.84,0.95,156.91,159.69,163.74,0.88,0.99,1.20,11.55,13.26,1.00,1.00,12.75,12.75,149.59,14.68,51.01,1.40,10.60,75842.00,0.13,8.074712e+002,11.72
24,131.49,0.54,166.74,165.61,163.50,0.50,0.76,2.71,12.94,17.17,6.37,0.16,35.34,5.55,165.01,23.08,81.77,1.59,28.76,100984.00,0.25,1.134199e+003,10.22
25,37.70,0.90,152.07,145.36,141.12,0.87,0.98,1.20,6.93,7.70,1.00,1.00,8.10,8.10,144.82,8.80,32.40,1.08,47.69,33019.00,0.10,1.741533e+002,6.54
26,90.36,0.76,118.30,130.78,135.15,0.63,0.89,2.63,10.73,13.89,6.09,0.16,29.20,4.79,130.43,16.85,67.97,1.47,28.68,58563.00,0.23,6.461047e+002,10.25
27,45.44,0.69,167.45,167.19,166.75,0.53,0.82,2.59,7.61,9.68,5.97,0.17,22.42,3.76,165.30,11.92,52.37,1.61,22.62,43308.00,0.21,2.304116e+002,7.13
28,40.19,0.86,161.25,150.98,149.67,0.47,0.76,2.54,7.15,9.23,5.81,0.17,20.59,3.54,148.09,10.13,48.27,1.37,29.38,35393.00,0.22,1.916324e+002,8.08
29,59.24,0.94,166.15,159.43,155.14,0.64,0.86,2.53,8.68,11.13,5.78,0.17,24.46,4.23,158.39,11.74,57.38,1.64,25.22,50842.00,0.22,3.430086e+002,10.01
30,41.09,0.71,160.37,161.18,155.31,0.79,0.93,1.21,7.23,8.02,1.00,1.00,8.41,8.41,159.34,9.46,33.63,1.09,50.48,38720.00,0.10,1.981615e+002,6.03
31,67.85,0.84,175.28,173.04,170.14,0.69,0.88,2.44,9.29,11.61,5.48,0.18,25.12,4.58,172.30,12.93,59.40,1.59,27.87,61512.00,0.20,4.204523e+002,10.09
32,71.48,0.70,165.96,167.49,162.53,0.61,0.84,2.41,9.54,12.30,5.37,0.19,25.39,4.73,165.61,15.61,60.24,1.60,24.09,61606.00,0.22,4.545791e+002,9.48
33,92.34,0.96,164.85,162.58,165.87,0.71,0.92,2.38,10.84,13.26,5.30,0.19,27.20,5.13,163.78,14.68,64.66,1.35,33.61,74846.00,0.18,6.675142e+002,11.74
34,55.22,0.71,168.29,165.70,164.62,0.77,0.94,1.24,8.39,9.30,1.00,1.00,9.51,9.51,165.64,11.42,38.06,1.09,51.48,50356.00,0.10,3.086941e+002,7.13
35,72.45,0.54,159.88,156.95,161.20,0.56,0.79,2.37,9.60,13.25,5.26,0.19,25.89,4.92,158.33,17.69,61.61,1.63,27.29,59532.00,0.28,4.638599e+002,7.75
36,39.28,0.94,146.36,149.36,148.25,0.87,0.98,1.24,7.07,7.74,1.00,1.00,8.38,8.38,147.98,8.03,33.50,1.11,42.40,34776.00,0.09,1.851951e+002,7.18
37,93.83,0.92,156.97,162.37,162.14,0.88,0.99,1.25,10.93,12.07,1.00,1.00,11.99,11.99,161.67,12.65,47.95,1.33,49.96,74854.00,0.09,6.837520e+002,10.77
38,90.60,0.65,138.91,140.91,143.22,0.70,0.90,1.25,10.74,11.90,1.00,1.00,11.60,11.60,135.45,14.33,46.38,1.07,18.10,60952.00,0.10,6.487658e+002,9.12
39,55.69,0.77,165.03,165.44,161.81,0.81,0.95,1.25,8.42,9.34,1.00,1.00,9.58,9.58,164.32,11.06,38.32,1.09,49.24,50282.00,0.10,3.126542e+002,7.75
40,37.03,0.83,155.18,141.42,136.65,0.84,0.97,1.25,6.87,8.27,1.00,1.00,8.77,8.77,139.93,8.79,35.06,1.43,15.36,31484.00,0.17,1.695089e+002,7.51
41,51.94,0.93,150.30,147.55,148.89,0.58,0.85,2.36,8.13,10.33,5.21,0.19,21.48,4.12,147.82,11.56,51.21,1.33,34.07,42867.00,0.21,2.815565e+002,8.70
42,49.37,0.91,150.41,151.11,150.88,0.70,0.89,2.34,7.93,10.15,5.15,0.19,20.94,4.07,150.73,11.71,50.02,1.31,43.96,42055.00,0.22,2.609597e+002,9.02
43,90.11,0.41,119.84,124.85,125.40,0.39,0.66,2.33,10.71,14.15,5.11,0.20,26.44,5.17,124.43,18.08,63.23,1.25,47.24,55745.00,0.24,6.434480e+002,7.71
44,89.86,0.62,142.24,139.08,136.56,0.56,0.82,2.32,10.70,13.57,5.08,0.20,26.34,5.18,138.27,16.93,63.04,1.29,40.70,61808.00,0.21,6.407956e+002,10.56
45,35.69,0.76,167.16,167.90,163.04,0.80,0.95,1.26,6.74,7.55,1.00,1.00,8.13,8.13,166.34,9.33,32.53,1.10,50.39,36429.00,0.11,1.603796e+002,5.80
46,48.21,0.73,148.87,151.50,150.83,0.78,0.94,1.27,7.83,8.94,1.00,1.00,9.12,9.12,151.00,11.00,36.49,1.08,46.54,41375.00,0.12,2.518118e+002,6.75
47,116.96,0.68,132.12,139.59,138.27,0.67,0.89,2.31,12.20,14.47,5.06,0.20,29.27,5.79,138.32,17.60,70.13,1.36,48.29,76766.00,0.16,9.514734e+002,10.75
48,81.97,0.94,162.77,161.11,160.94,0.60,0.87,2.29,10.22,12.58,5.00,0.20,25.61,5.13,161.13,13.88,61.48,1.50,29.00,66867.00,0.19,5.582371e+002,11.59
49,87.14,0.61,144.75,149.90,148.52,0.60,0.83,2.27,10.53,12.66,4.94,0.20,25.64,5.19,148.90,14.86,61.67,1.34,53.28,64919.00,0.17,6.119068e+002,9.59
50,33.47,0.81,126.36,130.23,131.24,0.80,0.94,1.27,6.53,7.39,1.00,1.00,7.98,7.98,130.09,8.22,31.94,1.10,39.24,27188.00,0.12,1.456426e+002,5.80
51,46.36,0.68,172.76,166.25,155.26,0.75,0.92,1.27,7.68,8.81,1.00,1.00,9.01,9.01,163.69,11.00,36.04,1.08,51.45,43542.00,0.13,2.374574e+002,5.80
52,195.78,0.66,131.94,139.27,137.59,0.54,0.83,2.27,15.79,19.13,4.92,0.20,36.12,7.34,137.86,23.75,86.92,1.39,27.75,118419.00,0.17,2.060737e+003,15.49
53,44.06,0.56,170.73,162.19,160.67,0.66,0.84,1.28,7.49,9.43,1.16,0.86,10.24,8.83,149.40,11.79,38.13,1.43,7.18,38246.00,0.21,2.200088e+002,5.81
54,30.83,0.58,108.90,106.59,117.27,0.62,0.77,2.19,6.27,8.16,4.68,0.21,16.78,3.59,107.09,9.56,40.72,1.28,28.13,21097.00,0.23,1.287626e+002,6.27
55,21.66,0.85,167.91,155.00,146.59,0.83,0.95,1.28,5.25,5.97,1.17,0.85,7.43,6.33,153.71,6.52,27.52,1.12,39.78,23672.00,0.12,7.582080e+001,5.31
56,42.00,0.72,142.04,142.39,144.13,0.80,0.94,1.28,7.31,8.21,1.19,0.84,9.48,7.95,142.71,9.46,34.87,1.10,41.28,35250.00,0.11,2.047821e+002,6.14
57,77.56,0.61,145.51,144.50,140.06,0.57,0.82,2.19,9.94,12.74,4.65,0.21,23.75,5.11,143.28,15.87,57.70,1.25,54.20,56882.00,0.22,5.138104e+002,9.68
58,39.51,0.80,149.42,147.75,145.50,0.82,0.95,1.28,7.09,8.00,1.20,0.84,9.28,7.76,147.27,9.33,34.09,1.10,44.76,34756.00,0.11,1.867958e+002,6.28
59,93.09,0.89,176.62,167.79,157.51,0.74,0.93,2.19,10.89,12.80,4.65,0.22,25.81,5.55,165.57,13.69,62.71,1.46,45.40,76163.00,0.15,6.756138e+002,11.35
60,125.61,0.76,160.28,161.06,155.70,0.68,0.90,2.11,12.65,15.21,4.41,0.23,28.79,6.53,158.83,16.98,70.64,1.56,38.41,93550.00,0.17,1.058971e+003,13.50
61,48.44,0.63,149.20,155.14,154.84,0.65,0.85,2.07,7.85,9.79,4.26,0.23,18.91,4.44,151.42,12.15,46.71,1.27,51.73,41641.00,0.20,2.536306e+002,6.91
62,25.86,0.53,171.08,161.56,162.73,0.65,0.80,1.29,5.74,6.80,1.30,0.77,8.30,6.40,149.29,8.49,29.40,1.08,8.53,25977.00,0.16,9.893920e+001,3.68
63,30.39,0.91,160.11,158.11,153.91,0.86,0.98,1.30,6.22,6.99,1.32,0.76,8.85,6.73,156.86,7.73,31.16,1.12,44.70,30587.00,0.11,1.260359e+002,6.35
64,75.61,0.92,151.97,154.13,159.25,0.71,0.91,2.05,9.81,11.47,4.20,0.24,22.33,5.32,154.68,12.42,55.30,1.31,35.08,60170.00,0.14,4.945404e+002,10.55
65,70.51,0.76,161.11,162.55,160.95,0.80,0.95,1.31,9.47,10.45,1.37,0.73,12.42,9.05,161.89,11.92,42.93,1.11,53.74,59575.00,0.09,4.453738e+002,8.01
66,165.88,0.50,151.59,160.56,162.28,0.47,0.75,2.03,14.53,17.90,4.15,0.24,30.72,7.41,159.98,23.80,76.24,1.22,29.72,119184.00,0.19,1.607078e+003,11.31
67,30.39,0.76,147.10,141.13,137.05,0.80,0.95,1.31,6.22,7.07,1.39,0.72,9.11,6.54,140.56,8.25,31.29,1.11,48.04,27409.00,0.12,1.260359e+002,5.25
68,23.54,0.54,157.23,152.67,157.11,0.68,0.82,1.31,5.47,6.59,1.40,0.71,8.35,5.96,154.50,8.62,28.62,1.08,4.18,25183.00,0.17,8.589147e+001,3.93
69,82.95,0.79,137.26,142.94,138.54,0.80,0.95,1.31,10.28,11.25,1.41,0.71,13.45,9.51,140.96,13.09,45.93,1.11,48.56,59062.00,0.09,5.683085e+002,9.12
70,92.09,0.74,165.36,171.49,166.42,0.77,0.94,1.31,10.83,12.04,1.43,0.70,14.09,9.88,169.17,14.17,47.95,1.10,53.31,77141.00,0.10,6.648229e+002,9.30
71,90.36,0.87,152.00,150.43,144.82,0.75,0.95,2.02,10.73,12.22,4.10,0.24,23.72,5.78,148.91,13.90,59.00,1.32,44.58,66859.00,0.12,6.461047e+002,10.81
72,42.23,0.83,162.85,163.52,156.71,0.81,0.95,1.32,7.33,8.28,1.44,0.69,10.44,7.25,161.40,9.11,35.39,1.11,50.40,40027.00,0.11,2.064514e+002,7.18
73,48.67,0.72,136.83,135.92,134.47,0.61,0.85,2.01,7.87,10.24,4.05,0.25,19.21,4.74,133.67,11.43,47.89,1.49,16.14,36894.00,0.23,2.554547e+002,8.23
74,59.72,0.42,105.19,108.05,112.01,0.46,0.67,2.00,8.72,11.64,4.05,0.25,19.98,4.94,108.88,15.78,49.83,1.17,38.00,35168.00,0.25,3.471422e+002,6.20
75,49.84,0.48,158.59,156.34,157.11,0.57,0.77,1.32,7.97,9.38,1.47,0.68,11.21,7.65,143.51,12.27,37.73,1.07,7.09,40327.00,0.15,2.646565e+002,4.86
76,34.13,0.82,164.31,161.64,157.58,0.83,0.96,1.33,6.59,7.42,1.50,0.67,9.86,6.56,160.72,8.69,32.85,1.13,49.52,34072.00,0.11,1.500004e+002,6.22
77,61.14,0.99,153.71,148.70,142.09,0.76,0.93,2.00,8.82,10.78,4.04,0.25,20.41,5.06,146.99,11.42,50.94,1.40,37.48,48359.00,0.18,3.596638e+002,10.15
78,46.82,0.71,148.51,156.08,157.58,0.75,0.92,1.33,7.72,9.01,1.51,0.66,11.11,7.37,155.64,10.82,36.95,1.08,45.04,41712.00,0.14,2.410132e+002,6.58
79,98.82,0.88,169.99,167.41,164.11,0.85,0.98,1.33,11.22,12.11,1.54,0.65,15.05,9.80,166.70,13.16,49.70,1.13,45.49,80516.00,0.07,7.389837e+002,10.78
80,49.14,0.80,137.85,139.89,144.58,0.78,0.93,1.33,7.91,9.09,1.55,0.65,11.45,7.41,140.59,10.18,37.73,1.10,48.08,39084.00,0.13,2.591193e+002,7.71
81,30.39,0.75,130.47,133.46,138.99,0.78,0.93,1.34,6.22,7.17,1.55,0.64,9.61,6.19,133.64,8.57,31.61,1.11,46.67,26060.00,0.13,1.260359e+002,5.80
82,68.82,0.86,160.36,156.06,161.26,0.68,0.89,1.98,9.36,11.72,3.95,0.25,21.13,5.35,157.70,14.17,52.96,1.36,34.87,56928.00,0.20,4.294477e+002,10.15
83,37.03,0.63,156.71,156.13,152.10,0.64,0.84,1.95,6.87,8.39,3.87,0.26,16.31,4.21,155.00,9.96,41.05,1.27,40.00,34874.00,0.18,1.695089e+002,6.09
84,25.44,0.43,84.81,96.71,117.88,0.56,0.71,1.34,5.69,7.12,1.57,0.64,9.08,5.79,101.12,9.72,29.73,1.06,33.81,17392.00,0.20,9.650727e+001,3.04
85,108.11,0.83,164.21,164.11,159.56,0.84,0.97,1.34,11.73,12.82,1.58,0.63,15.83,10.03,162.67,14.42,51.72,1.12,44.66,84587.00,0.08,8.455569e+002,11.22
86,195.78,0.53,148.57,159.00,161.47,0.52,0.80,1.95,15.79,19.28,3.87,0.26,32.49,8.39,158.27,24.79,81.77,1.47,31.04,135956.00,0.18,2.060737e+003,12.05
87,46.82,0.87,136.56,139.32,134.85,0.75,0.92,1.94,7.72,9.60,3.84,0.26,17.73,4.62,137.45,11.16,44.69,1.23,45.58,36837.00,0.20,2.410132e+002,8.22
88,70.02,0.69,153.33,162.31,160.54,0.74,0.92,1.35,9.44,10.69,1.62,0.62,13.46,8.30,160.72,13.07,43.52,1.10,49.35,58823.00,0.12,4.407997e+002,8.03
89,153.91,0.78,141.17,145.69,141.43,0.67,0.94,1.93,14.00,16.04,3.81,0.26,28.52,7.48,143.64,19.41,72.01,1.27,47.23,100406.00,0.13,1.436414e+003,12.86
90,149.77,0.69,148.61,160.35,163.56,0.68,0.91,1.91,13.81,15.75,3.74,0.27,27.92,7.47,159.96,19.08,70.77,1.27,50.73,109251.00,0.12,1.378786e+003,11.95
91,83.44,0.59,139.41,137.64,141.49,0.63,0.86,1.35,10.31,11.85,1.63,0.61,14.47,8.89,131.94,14.23,46.71,1.09,18.87,55548.00,0.13,5.733710e+002,8.33
92,54.75,0.47,161.45,159.26,162.12,0.55,0.76,1.35,8.35,9.96,1.63,0.61,12.26,7.52,144.71,13.35,39.56,1.07,8.10,43701.00,0.16,3.047547e+002,5.10
93,69.30,0.76,155.77,157.81,155.67,0.80,0.95,1.35,9.39,10.44,1.63,0.61,13.46,8.23,156.80,11.91,43.39,1.12,43.88,56918.00,0.10,4.339742e+002,8.55
94,39.73,0.73,172.63,168.80,162.46,0.79,0.94,1.35,7.11,8.14,1.64,0.61,10.88,6.65,167.29,9.67,35.06,1.12,51.09,39648.00,0.13,1.884022e+002,5.80
95,152.88,0.87,155.77,165.78,161.68,0.85,0.98,1.35,13.95,15.04,1.64,0.61,18.63,11.39,163.39,16.43,60.05,1.13,47.14,113558.00,0.07,1.421922e+003,13.41
96,65.21,0.56,134.29,140.50,140.10,0.56,0.81,1.89,9.11,11.35,3.68,0.27,19.72,5.36,139.47,14.93,50.16,1.20,51.51,48257.00,0.20,3.961133e+002,7.47
97,39.05,0.78,153.04,147.51,142.49,0.63,0.85,1.88,7.05,9.44,3.62,0.28,17.30,4.78,146.44,10.13,44.17,1.61,27.07,34267.00,0.25,1.836003e+002,8.47
98,42.00,0.81,161.29,165.86,159.68,0.82,0.95,1.36,7.31,8.28,1.65,0.60,11.17,6.75,163.49,9.44,35.84,1.12,46.18,40381.00,0.12,2.047821e+002,6.94
99,83.44,0.71,145.62,147.19,142.43,0.64,0.86,1.87,10.31,12.16,3.61,0.28,21.55,5.97,144.72,13.46,55.03,1.24,41.61,60928.00,0.15,5.733710e+002,10.18
100,80.00,0.89,152.93,148.19,143.42,0.86,0.98,1.36,10.09,11.21,1.67,0.60,14.40,8.63,147.28,12.23,46.06,1.12,47.11,59943.00,0.10,5.383104e+002,9.59
101,151.84,0.92,143.46,155.86,155.77,0.80,0.97,1.87,13.90,15.41,3.60,0.28,27.57,7.65,154.35,16.43,70.45,1.29,54.68,106656.00,0.10,1.407487e+003,14.09
102,45.90,0.74,148.39,149.85,149.90,0.79,0.94,1.36,7.64,8.61,1.68,0.59,11.65,6.92,149.67,9.88,37.14,1.13,48.53,39513.00,0.11,2.339235e+002,7.33
103,39.28,0.72,141.62,140.81,143.86,0.74,0.91,1.36,7.07,8.31,1.69,0.59,11.02,6.51,141.57,9.46,35.06,1.10,50.87,33269.00,0.15,1.851951e+002,7.13
104,104.58,0.67,153.94,156.52,159.04,0.51,0.85,1.86,11.54,14.62,3.55,0.28,24.77,6.98,153.13,17.67,63.50,1.59,24.17,77486.00,0.21,8.045701e+002,10.96
105,64.73,0.71,154.97,158.31,156.23,0.76,0.93,1.37,9.08,10.25,1.71,0.59,13.40,7.84,157.16,12.15,42.48,1.12,47.87,54063.00,0.11,3.917513e+002,7.46
106,101.07,0.72,174.54,173.71,164.45,0.75,0.94,1.37,11.34,12.60,1.71,0.58,16.03,9.37,171.02,14.93,50.80,1.12,46.54,84143.00,0.10,7.643867e+002,9.87
107,92.84,0.45,105.45,97.34,97.92,0.48,0.73,1.37,10.87,13.06,1.71,0.58,15.48,9.05,95.45,17.22,49.07,1.05,27.05,43813.00,0.17,6.729097e+002,6.66
108,53.34,0.53,139.25,138.03,134.53,0.57,0.78,1.84,8.24,10.59,3.50,0.29,17.79,5.08,136.87,13.24,45.74,1.17,52.39,40514.00,0.22,2.930614e+002,7.46
109,47.05,0.46,164.98,164.91,168.20,0.56,0.76,1.37,7.74,9.29,1.72,0.58,11.89,6.91,152.63,12.23,37.60,1.08,7.02,41057.00,0.17,2.427994e+002,4.79
110,68.33,0.64,142.62,132.31,133.42,0.64,0.84,1.84,9.33,11.24,3.48,0.29,19.53,5.61,130.79,13.98,50.29,1.22,28.25,46953.00,0.17,4.249404e+002,8.06
111,74.15,0.60,149.30,147.34,138.87,0.66,0.87,1.38,9.72,11.18,1.75,0.57,14.30,8.18,145.03,14.17,44.95,1.10,49.16,55548.00,0.13,4.802822e+002,7.46
112,115.43,0.70,165.40,160.80,153.34,0.62,0.90,1.83,12.12,14.57,3.47,0.29,24.65,7.10,159.02,18.17,63.50,1.42,43.75,87303.00,0.17,9.329708e+002,10.88
113,29.09,0.74,126.30,125.57,123.95,0.76,0.90,1.38,6.09,7.18,1.76,0.57,10.08,5.72,124.86,8.25,31.61,1.11,42.34,23598.00,0.15,1.180067e+002,6.09
114,46.36,0.49,164.67,162.52,164.34,0.58,0.78,1.38,7.68,9.12,1.77,0.56,12.00,6.77,150.21,11.92,37.54,1.09,7.74,39955.00,0.16,2.374574e+002,5.12
115,53.81,0.81,161.60,152.60,152.75,0.71,0.90,1.82,8.28,10.43,3.44,0.29,18.50,5.38,153.45,12.27,47.76,1.57,34.92,45727.00,0.21,2.969383e+002,8.88
116,22.91,0.84,160.87,162.63,162.13,0.74,0.90,1.82,5.40,6.71,3.43,0.29,12.95,3.77,162.25,7.45,33.44,1.23,30.71,25960.00,0.20,8.247342e+001,6.15
117,59.24,0.81,164.43,166.50,163.44,0.82,0.96,1.39,8.68,9.59,1.80,0.56,13.27,7.39,165.33,10.79,41.31,1.15,52.59,53070.00,0.09,3.430086e+002,8.03
118,132.00,0.52,135.49,145.84,142.50,0.51,0.80,1.82,12.96,15.93,3.41,0.29,25.53,7.49,143.64,19.83,66.03,1.29,31.16,88193.00,0.19,1.140835e+003,9.82
119,30.83,0.94,164.41,165.77,158.48,0.82,0.96,1.39,6.27,7.17,1.81,0.55,10.43,5.77,163.40,7.71,32.40,1.14,40.12,32190.00,0.13,1.287626e+002,6.49
120,44.06,0.85,164.43,154.86,149.05,0.82,0.96,1.39,7.49,8.53,1.82,0.55,11.91,6.56,154.20,10.13,36.95,1.13,42.40,39475.00,0.12,2.200088e+002,6.85
121,49.60,0.50,168.81,162.87,164.92,0.60,0.79,1.39,7.95,9.37,1.82,0.55,12.46,6.86,146.26,12.04,38.65,1.10,9.38,40954.00,0.15,2.628054e+002,5.39
122,46.13,0.73,165.14,157.54,151.12,0.76,0.93,1.39,7.66,8.72,1.82,0.55,12.12,6.67,156.44,10.67,37.60,1.13,44.38,41457.00,0.12,2.356877e+002,6.35
123,81.23,0.98,164.96,163.43,161.53,0.77,0.95,1.81,10.17,12.11,3.39,0.30,20.87,6.16,162.95,13.24,54.06,1.34,31.63,67137.00,0.16,5.507307e+002,10.96
124,128.67,0.76,160.60,169.11,165.31,0.77,0.95,1.39,12.80,14.10,1.82,0.55,18.30,10.03,166.88,15.86,56.65,1.13,45.71,100293.00,0.09,1.097971e+003,11.23
125,70.02,0.80,164.45,171.24,170.17,0.80,0.95,1.39,9.44,10.67,1.83,0.55,14.30,7.82,170.14,11.92,44.23,1.12,55.45,62270.00,0.12,4.407997e+002,8.01
126,48.21,0.72,165.32,169.55,167.88,0.70,0.90,1.81,7.83,9.80,3.38,0.30,16.81,4.98,168.26,12.48,43.58,1.19,49.06,46102.00,0.20,2.518118e+002,7.46
127,55.46,0.71,159.74,167.34,167.62,0.75,0.92,1.39,8.40,9.68,1.84,0.54,13.08,7.12,166.41,11.00,40.40,1.11,49.67,50756.00,0.13,3.106716e+002,8.28
128,130.46,0.84,166.30,171.24,165.41,0.82,0.97,1.40,12.89,14.03,1.84,0.54,18.48,10.05,168.78,16.06,57.05,1.14,48.90,102621.00,0.08,1.120972e+003,12.56
129,51.47,0.76,155.86,156.09,151.28,0.78,0.94,1.40,8.10,9.21,1.85,0.54,12.75,6.90,154.64,10.78,39.29,1.13,42.20,44535.00,0.12,2.777638e+002,7.53
130,59.24,0.84,158.83,162.03,157.97,0.83,0.97,1.40,8.68,9.76,1.85,0.54,13.48,7.27,160.45,11.35,41.50,1.14,53.52,51505.00,0.11,3.430086e+002,8.21
131,208.74,0.62,132.08,146.68,150.53,0.61,0.87,1.80,16.30,18.95,3.37,0.30,31.08,9.23,146.10,23.32,80.61,1.44,32.03,132658.00,0.14,2.268628e+003,13.85
132,47.98,0.68,176.96,173.53,164.89,0.71,0.89,1.79,7.82,9.58,3.31,0.30,16.61,5.02,171.33,11.52,43.26,1.20,47.43,46772.00,0.18,2.499984e+002,7.07
133,139.45,0.65,135.81,144.33,141.70,0.68,0.90,1.40,13.32,14.85,1.87,0.54,19.15,10.25,142.58,18.44,58.81,1.12,42.69,91676.00,0.10,1.238725e+003,11.65
134,63.77,0.77,159.37,161.03,156.19,0.70,0.93,1.79,9.01,10.25,3.31,0.30,18.53,5.60,159.25,12.15,48.27,1.26,52.45,54145.00,0.12,3.830860e+002,8.23
135,124.33,0.81,159.96,169.09,170.68,0.82,0.97,1.41,12.58,13.64,1.89,0.53,18.35,9.72,168.37,15.23,56.14,1.15,48.73,98327.00,0.08,1.042882e+003,11.70
136,23.12,0.74,160.39,150.43,150.22,0.70,0.87,1.78,5.43,6.80,3.29,0.30,12.72,3.86,151.48,8.23,33.18,1.21,35.51,24388.00,0.20,8.360601e+001,5.47
137,73.90,0.57,151.76,157.31,157.52,0.60,0.83,1.77,9.70,11.48,3.27,0.31,19.52,5.98,156.60,14.17,50.99,1.21,41.49,59820.00,0.16,4.779222e+002,7.83
138,95.33,0.73,153.16,151.12,142.08,0.73,0.93,1.76,11.02,12.81,3.22,0.31,21.84,6.78,148.51,15.37,57.24,1.40,50.18,69649.00,0.14,7.001436e+002,10.22
139,138.67,0.77,137.77,147.61,145.36,0.75,0.94,1.76,13.29,14.71,3.21,0.31,25.05,7.80,145.80,16.76,65.71,1.26,50.30,93311.00,0.10,1.228454e+003,12.91
140,41.09,0.71,162.24,156.99,151.06,0.77,0.92,1.41,7.23,8.40,1.92,0.52,11.93,6.22,155.54,10.02,36.30,1.13,43.26,37797.00,0.14,1.981615e+002,6.02
141,48.44,0.68,143.74,144.95,141.37,0.73,0.91,1.42,7.85,9.08,1.93,0.52,12.72,6.60,143.74,11.37,38.65,1.12,46.09,39528.00,0.13,2.536306e+002,6.71
142,48.44,0.67,149.91,151.35,155.31,0.69,0.87,1.76,7.85,9.50,3.21,0.31,16.42,5.11,151.79,10.97,43.07,1.20,43.63,41742.00,0.17,2.536306e+002,6.87
143,34.13,0.92,135.43,133.12,137.03,0.81,0.94,1.42,6.59,7.69,1.94,0.52,11.20,5.78,134.31,8.15,33.96,1.13,40.69,28474.00,0.14,1.500004e+002,6.66
144,152.36,0.70,147.75,153.91,151.32,0.68,0.92,1.74,13.93,16.12,3.16,0.32,25.87,8.18,152.43,19.55,68.11,1.20,46.59,105636.00,0.14,1.414697e+003,12.09
145,80.74,0.60,139.24,142.87,145.52,0.63,0.85,1.73,10.14,12.00,3.12,0.32,19.75,6.34,143.10,15.42,52.18,1.19,55.67,58673.00,0.16,5.457490e+002,7.99
146,22.91,0.88,141.46,129.92,127.80,0.82,0.96,1.42,5.40,6.23,1.95,0.51,9.77,5.00,130.12,6.98,29.54,1.16,47.94,20819.00,0.13,8.247342e+001,5.29
147,92.84,0.62,137.44,145.23,149.61,0.64,0.87,1.73,10.87,13.17,3.10,0.32,21.05,6.79,145.66,16.38,55.68,1.28,54.58,66856.00,0.17,6.729097e+002,9.97
148,33.91,0.64,129.51,134.14,134.55,0.69,0.86,1.42,6.57,7.84,1.97,0.51,11.25,5.73,133.71,9.68,33.96,1.11,41.68,28212.00,0.16,1.485417e+002,5.25
149,93.09,0.99,162.28,165.36,165.45,0.85,0.98,1.43,10.89,12.00,1.97,0.51,16.63,8.45,165.03,12.99,50.16,1.15,50.27,75915.00,0.09,6.756138e+002,11.08
150,130.46,0.62,146.59,155.72,156.58,0.62,0.87,1.70,12.89,14.91,3.02,0.33,23.68,7.84,154.83,17.73,63.04,1.19,33.98,94136.00,0.14,1.120972e+003,11.51
151,54.99,0.60,148.80,148.03,147.82,0.64,0.84,1.70,8.37,10.05,3.02,0.33,16.71,5.54,147.45,12.15,44.50,1.19,49.98,44678.00,0.17,3.067218e+002,7.51
152,187.88,0.64,119.55,131.07,129.82,0.61,0.89,1.70,15.47,17.86,3.01,0.33,27.62,9.16,129.29,22.71,73.58,1.19,47.71,107178.00,0.13,1.937222e+003,14.27
153,98.82,0.62,162.41,169.69,167.24,0.68,0.89,1.43,11.22,12.71,1.98,0.50,17.10,8.62,168.11,15.42,51.45,1.12,51.87,81198.00,0.12,7.389837e+002,8.57
154,135.08,0.81,158.68,165.06,165.22,0.79,0.96,1.69,13.11,14.76,2.97,0.34,23.82,8.03,164.39,16.37,63.69,1.22,50.14,102911.00,0.11,1.180963e+003,12.49
155,62.58,0.82,142.59,144.40,141.35,0.78,0.94,1.68,8.93,10.28,2.95,0.34,17.37,5.89,143.24,11.91,46.52,1.21,42.26,47987.00,0.13,3.723652e+002,8.62
156,72.69,0.65,160.07,156.69,149.66,0.70,0.90,1.43,9.62,11.04,2.01,0.50,15.20,7.58,154.77,14.16,45.55,1.12,45.87,58349.00,0.13,4.661919e+002,7.95
157,54.05,0.86,156.14,156.13,153.52,0.83,0.96,1.44,8.30,9.46,2.01,0.50,13.56,6.73,155.03,10.24,40.59,1.14,49.57,46354.00,0.12,2.988846e+002,8.53
158,103.58,0.85,173.52,171.39,169.84,0.76,0.95,1.68,11.48,13.12,2.94,0.34,21.25,7.22,170.97,14.87,56.92,1.21,48.71,85828.00,0.12,7.930066e+002,11.05
159,28.22,0.85,167.34,168.21,168.67,0.83,0.96,1.44,5.99,7.00,2.02,0.50,10.68,5.29,168.25,8.62,31.94,1.15,50.12,31127.00,0.14,1.127805e+002,5.74
160,75.85,0.70,168.13,168.78,163.90,0.75,0.93,1.44,9.83,11.02,2.02,0.49,15.52,7.68,167.24,13.46,46.38,1.14,54.63,65223.00,0.11,4.969330e+002,8.49
161,87.14,0.81,141.72,151.92,151.78,0.81,0.96,1.44,10.53,11.64,2.02,0.49,16.41,8.11,150.72,12.69,49.05,1.15,47.09,65713.00,0.09,6.119068e+002,9.67
162,63.05,0.83,144.76,144.18,142.85,0.80,0.95,1.67,8.96,10.14,2.91,0.34,17.32,5.94,143.84,11.00,46.52,1.23,43.42,48473.00,0.12,3.766387e+002,8.92
163,70.75,0.63,144.24,147.37,146.88,0.66,0.87,1.67,9.49,11.03,2.89,0.35,18.06,6.24,146.56,13.24,48.59,1.20,50.94,54080.00,0.14,4.476680e+002,8.88
164,70.75,0.62,165.64,166.48,162.09,0.68,0.88,1.44,9.49,10.99,2.03,0.49,15.12,7.45,165.05,13.58,45.14,1.12,53.61,60904.00,0.14,4.476680e+002,7.42
165,55.93,0.94,163.84,158.48,157.50,0.73,0.92,1.67,8.44,10.30,2.89,0.35,16.94,5.86,158.37,11.88,45.60,1.46,31.83,48619.00,0.18,3.146420e+002,9.01
166,134.31,0.78,160.83,168.15,163.45,0.76,0.95,1.44,13.08,14.23,2.03,0.49,19.66,9.68,165.90,16.18,58.67,1.16,46.20,103355.00,0.08,1.170881e+003,12.39
167,69.78,0.75,161.06,161.76,156.15,0.78,0.94,1.44,9.43,10.62,2.04,0.49,15.09,7.39,159.99,12.64,44.95,1.14,51.33,58398.00,0.11,4.385197e+002,8.66
168,115.43,0.83,149.64,151.53,147.55,0.79,0.96,1.67,12.12,13.54,2.89,0.35,22.02,7.61,150.04,14.78,59.27,1.22,48.33,82374.00,0.10,9.329708e+002,11.79
169,105.34,0.82,151.96,159.66,158.87,0.79,0.95,1.45,11.58,13.02,2.06,0.48,18.12,8.78,158.55,14.48,53.80,1.28,44.14,80701.00,0.11,8.132857e+002,11.70
170,93.09,0.88,164.69,160.59,155.88,0.77,0.96,1.66,10.89,12.36,2.88,0.35,20.30,7.05,159.57,13.58,54.71,1.33,42.30,73404.00,0.12,6.756138e+002,11.20
171,55.46,0.45,171.25,166.66,165.72,0.54,0.74,1.45,8.40,10.18,2.07,0.48,13.88,6.71,149.46,13.66,41.18,1.09,7.55,45585.00,0.17,3.106716e+002,5.12
172,45.90,0.63,134.40,133.34,133.11,0.70,0.88,1.45,7.64,8.86,2.07,0.48,12.92,6.24,133.36,10.81,38.32,1.14,35.76,35208.00,0.14,2.339235e+002,5.88
173,59.00,0.64,176.56,173.33,170.08,0.69,0.88,1.66,8.67,10.48,2.86,0.35,16.73,5.84,172.56,13.07,45.14,1.16,50.51,55218.00,0.17,3.409493e+002,7.15
174,183.15,0.79,148.60,155.37,155.02,0.78,0.96,1.45,15.27,16.77,2.08,0.48,22.83,10.97,154.48,19.11,67.59,1.24,46.42,125283.00,0.09,1.864511e+003,15.00
175,31.27,0.79,166.18,157.68,146.84,0.80,0.94,1.45,6.31,7.35,2.09,0.48,11.26,5.40,155.40,8.25,33.31,1.15,48.28,30925.00,0.14,1.315142e+002,6.41
176,78.78,0.80,142.22,143.68,137.65,0.75,0.93,1.45,10.02,11.33,2.09,0.48,16.01,7.67,140.97,12.95,47.35,1.14,35.44,56671.00,0.12,5.260034e+002,9.75
177,58.53,0.79,159.65,157.91,164.66,0.79,0.95,1.45,8.63,10.26,2.09,0.48,15.21,7.27,156.66,11.88,44.95,1.66,25.44,49818.00,0.16,3.368460e+002,8.61
178,91.60,0.68,140.16,145.87,143.75,0.70,0.90,1.65,10.80,12.45,2.83,0.35,19.80,7.00,144.57,14.97,53.61,1.19,34.81,65636.00,0.13,6.594533e+002,10.09
179,99.32,0.83,172.15,174.37,175.59,0.83,0.97,1.46,11.25,12.32,2.09,0.48,17.61,8.41,174.48,13.78,52.04,1.17,49.41,84623.00,0.09,7.445996e+002,10.67
180,174.50,0.82,149.72,161.43,156.20,0.79,0.96,1.65,14.91,16.43,2.82,0.35,25.89,9.18,158.52,18.08,70.13,1.22,46.98,123331.00,0.09,1.733974e+003,13.98
181,64.25,0.69,163.12,164.27,162.14,0.73,0.91,1.46,9.04,10.35,2.10,0.48,14.80,7.06,163.40,11.97,43.72,1.14,40.94,55883.00,0.13,3.874088e+002,8.21
182,112.14,0.67,146.35,149.51,146.86,0.68,0.90,1.64,11.95,13.97,2.81,0.36,21.45,7.63,148.35,17.41,58.16,1.17,53.71,79518.00,0.14,8.933699e+002,10.95
183,43.37,0.94,171.53,170.33,169.31,0.77,0.95,1.64,7.43,8.72,2.81,0.36,14.72,5.25,170.00,9.92,39.94,1.20,52.18,43010.00,0.15,2.148827e+002,7.41
184,32.14,0.86,172.77,171.25,168.08,0.82,0.95,1.64,6.40,7.68,2.78,0.36,13.14,4.72,170.29,8.80,35.71,1.19,50.76,34568.00,0.17,1.370917e+002,6.50
185,109.11,0.70,143.35,142.71,142.58,0.68,0.90,1.63,11.79,13.50,2.75,0.36,20.96,7.63,142.73,16.33,57.19,1.18,45.36,74793.00,0.13,8.574136e+002,11.05
186,43.14,0.69,127.23,136.73,138.82,0.73,0.90,1.62,7.41,8.88,2.73,0.37,14.50,5.31,135.73,10.67,39.62,1.17,51.42,34203.00,0.17,2.131852e+002,6.27
187,48.67,0.90,147.54,146.28,142.49,0.78,0.94,1.47,7.87,9.12,2.16,0.46,13.50,6.24,145.27,10.13,39.48,1.14,37.07,40095.00,0.14,2.554547e+002,8.23
188,83.20,0.40,99.22,108.51,114.08,0.39,0.66,1.47,10.29,12.79,2.17,0.46,16.67,7.69,109.11,17.47,48.73,1.06,33.17,45825.00,0.20,5.708375e+002,6.56
189,67.85,0.71,176.48,168.04,158.61,0.75,0.92,1.48,9.29,10.73,2.17,0.46,15.40,7.08,166.17,13.10,44.95,1.14,47.74,59323.00,0.13,4.204523e+002,7.44
190,163.01,0.67,133.52,145.02,144.76,0.70,0.92,1.48,14.41,16.06,2.18,0.46,22.08,10.15,143.54,19.25,64.47,1.14,54.79,105356.00,0.10,1.565602e+003,12.67
191,98.57,0.85,141.49,154.87,155.15,0.80,0.96,1.62,11.20,12.55,2.72,0.37,19.99,7.36,153.40,14.62,54.71,1.20,43.79,73941.00,0.11,7.361821e+002,10.71
192,120.26,0.71,156.24,164.56,164.47,0.73,0.93,1.48,12.37,13.68,2.19,0.46,19.50,8.90,163.58,15.75,56.79,1.16,44.92,92911.00,0.10,9.920464e+002,11.06
193,155.99,0.79,158.85,163.39,158.47,0.79,0.96,1.48,14.09,15.39,2.20,0.45,21.81,9.90,161.32,17.67,63.42,1.17,46.95,114051.00,0.08,1.465566e+003,12.98
194,47.98,0.95,156.25,147.80,146.21,0.77,0.93,1.62,7.82,9.36,2.71,0.37,15.28,5.64,147.47,10.33,41.83,1.33,33.22,40260.00,0.16,2.499984e+002,7.96
195,101.32,0.79,162.85,160.62,156.11,0.79,0.96,1.48,11.36,12.78,2.21,0.45,18.55,8.41,159.51,14.20,53.93,1.34,47.02,78640.00,0.11,7.672301e+002,11.41
196,58.53,0.78,162.52,166.85,164.41,0.78,0.94,1.60,8.63,10.12,2.65,0.38,16.03,6.06,165.62,11.52,44.17,1.17,39.24,52667.00,0.15,3.368460e+002,8.36
197,69.78,0.60,153.90,157.82,152.62,0.63,0.83,1.48,9.43,11.12,2.21,0.45,15.70,7.10,155.67,13.42,45.60,1.12,47.63,56819.00,0.15,4.385197e+002,8.17
198,72.20,0.77,139.78,146.63,150.84,0.72,0.92,1.60,9.59,11.06,2.64,0.38,17.39,6.59,146.94,12.80,47.95,1.18,47.39,55103.00,0.13,4.615327e+002,9.03
199,41.09,0.89,129.38,127.96,130.60,0.76,0.92,1.59,7.23,8.73,2.61,0.38,13.93,5.33,128.68,9.56,38.51,1.15,31.49,31270.00,0.17,1.981615e+002,7.46
200,231.60,0.67,134.86,148.35,143.25,0.67,0.91,1.49,17.17,18.98,2.22,0.45,25.98,11.68,145.27,21.88,75.33,1.15,45.71,144394.00,0.10,2.651406e+003,14.30
201,50.30,0.63,110.78,114.44,118.34,0.69,0.87,1.49,8.00,9.52,2.23,0.45,13.88,6.23,115.19,11.44,40.21,1.12,46.15,32600.00,0.16,2.683748e+002,6.98
202,37.25,0.84,145.40,142.65,143.15,0.77,0.93,1.49,6.89,8.11,2.24,0.45,12.44,5.55,143.12,8.69,35.98,1.15,30.37,32346.00,0.15,1.710512e+002,6.90
203,142.28,0.78,140.28,147.98,146.50,0.78,0.96,1.49,13.46,14.71,2.24,0.45,21.17,9.43,146.65,16.43,61.21,1.17,46.47,95909.00,0.08,1.276665e+003,12.37
204,103.58,0.73,162.64,162.22,161.29,0.73,0.93,1.59,11.48,12.89,2.60,0.38,19.98,7.67,161.88,15.32,55.30,1.19,48.80,81265.00,0.11,7.930066e+002,10.13
205,30.17,0.87,139.69,141.10,138.96,0.84,0.96,1.50,6.20,7.17,2.25,0.44,11.56,5.13,140.30,7.90,33.37,1.17,45.63,27219.00,0.14,1.246820e+002,6.42
206,44.75,0.81,131.20,137.76,136.42,0.78,0.94,1.58,7.55,8.88,2.57,0.39,14.26,5.54,135.88,9.26,39.62,1.17,40.39,35193.00,0.15,2.251852e+002,7.73
207,95.08,0.69,128.28,134.53,137.40,0.69,0.91,1.50,11.00,12.36,2.27,0.44,18.03,7.93,134.64,14.38,51.91,1.16,45.01,63013.00,0.11,6.974010e+002,9.98
208,122.55,0.80,166.42,166.41,163.28,0.80,0.96,1.50,12.49,13.88,2.29,0.44,20.07,8.78,165.45,16.29,57.70,1.16,50.71,95467.00,0.10,1.020520e+003,11.35
209,31.70,0.78,166.08,159.60,152.63,0.78,0.93,1.51,6.35,7.56,2.30,0.43,11.88,5.17,158.26,8.55,34.09,1.15,44.23,31811.00,0.16,1.342906e+002,6.57
210,46.13,0.60,136.69,138.39,145.45,0.67,0.86,1.51,7.66,8.96,2.30,0.43,13.65,5.93,139.80,11.42,39.16,1.15,51.15,37048.00,0.14,2.356877e+002,6.50
211,76.09,0.64,158.92,160.57,159.60,0.67,0.88,1.51,9.84,11.54,2.31,0.43,16.80,7.27,159.98,14.45,48.14,1.26,37.81,62553.00,0.15,4.993302e+002,9.29
212,41.55,0.94,135.30,135.04,137.81,0.75,0.94,1.58,7.27,8.41,2.57,0.39,13.86,5.40,135.90,8.92,38.51,1.19,35.13,33296.00,0.14,2.014604e+002,7.83
213,108.86,0.62,158.36,161.27,162.25,0.59,0.85,1.58,11.77,14.36,2.56,0.39,21.08,8.23,159.59,17.53,58.62,1.41,23.50,83463.00,0.18,8.544434e+002,10.22
214,77.31,0.93,171.66,169.47,164.83,0.84,0.97,1.51,9.92,11.22,2.32,0.43,16.76,7.22,168.32,12.23,47.95,1.16,51.80,66656.00,0.12,5.113855e+002,10.09
215,27.58,0.83,161.24,152.07,146.50,0.79,0.94,1.58,5.93,7.19,2.56,0.39,11.93,4.66,150.94,8.55,33.18,1.16,45.93,27471.00,0.18,1.089281e+002,5.80
216,102.58,0.96,161.75,165.58,162.03,0.85,0.98,1.51,11.43,12.64,2.33,0.43,18.82,8.08,164.06,13.16,53.80,1.18,52.53,81701.00,0.10,7.815091e+002,11.59
217,87.14,0.87,176.02,173.08,166.98,0.83,0.97,1.52,10.53,11.86,2.33,0.43,17.61,7.56,171.57,13.24,50.35,1.17,51.18,74806.00,0.11,6.119068e+002,9.95
218,36.36,0.74,173.48,169.64,161.07,0.77,0.92,1.57,6.80,8.11,2.56,0.39,13.16,5.15,167.53,9.99,36.63,1.17,52.28,37192.00,0.16,1.649176e+002,6.57
219,29.09,0.49,171.60,166.40,168.95,0.59,0.76,1.52,6.09,7.75,2.34,0.43,11.62,4.97,154.96,10.22,33.18,1.10,5.98,29287.00,0.22,1.180067e+002,3.62
220,104.84,0.78,134.79,142.35,146.60,0.72,0.94,1.57,11.55,12.84,2.55,0.39,19.85,7.80,138.46,14.62,55.30,1.19,37.87,70199.00,0.10,8.074712e+002,10.52
221,32.14,0.97,168.77,160.39,153.33,0.81,0.95,1.52,6.40,7.57,2.35,0.43,12.07,5.13,158.89,8.25,34.42,1.16,30.75,32254.00,0.16,1.370917e+002,6.77
222,60.91,0.67,157.93,158.55,157.41,0.68,0.89,1.56,8.81,10.17,2.50,0.40,15.82,6.33,157.97,12.48,44.31,1.17,54.75,51813.00,0.13,3.575643e+002,7.93
223,62.81,0.82,170.41,162.05,157.97,0.81,0.96,1.56,8.94,10.18,2.49,0.40,16.00,6.41,161.74,11.56,44.82,1.18,42.54,54346.00,0.12,3.744994e+002,8.82
224,84.43,0.66,149.72,157.84,157.59,0.70,0.91,1.52,10.37,11.88,2.36,0.42,17.50,7.42,156.83,14.68,49.83,1.15,54.62,66651.00,0.13,5.835497e+002,8.92
225,75.36,0.89,161.25,161.58,164.39,0.67,0.89,1.52,9.80,12.21,2.37,0.42,17.63,7.45,158.89,13.78,50.16,1.57,23.43,61648.00,0.20,4.921525e+002,10.52
226,90.60,0.85,162.93,165.38,164.29,0.78,0.96,1.56,10.74,11.92,2.49,0.40,18.50,7.43,164.76,13.24,51.85,1.19,49.14,74144.00,0.10,6.487658e+002,10.62
227,73.90,0.65,161.84,161.63,156.08,0.67,0.88,1.53,9.70,11.24,2.37,0.42,16.64,7.01,159.97,13.89,47.30,1.15,49.77,61109.00,0.14,4.779222e+002,8.89
228,268.32,0.94,139.37,160.33,164.85,0.83,0.98,1.55,18.48,20.35,2.47,0.40,29.62,11.98,159.27,21.57,83.20,1.35,46.86,180138.00,0.09,3.306230e+003,18.93
229,54.99,0.70,145.16,147.02,139.76,0.72,0.92,1.53,8.37,9.58,2.38,0.42,14.84,6.23,144.45,11.42,42.15,1.17,48.64,43767.00,0.13,3.067218e+002,7.38
230,280.44,0.78,130.12,150.51,154.44,0.74,0.95,1.53,18.90,20.73,2.38,0.42,29.39,12.34,149.36,22.71,83.47,1.26,49.09,175647.00,0.09,3.532907e+003,17.89
231,119.24,0.62,136.10,142.99,143.48,0.63,0.87,1.53,12.32,14.04,2.38,0.42,20.25,8.50,142.12,16.95,57.51,1.15,52.17,80153.00,0.12,9.794922e+002,10.61
232,24.59,0.77,108.23,102.83,107.86,0.79,0.93,1.55,5.60,6.73,2.46,0.41,11.24,4.56,104.51,7.95,31.61,1.17,36.55,17558.00,0.17,9.172258e+001,5.45
233,52.17,0.65,142.01,144.50,141.96,0.69,0.88,1.53,8.15,9.79,2.40,0.42,14.60,6.09,143.43,11.71,41.37,1.13,38.75,41739.00,0.17,2.834608e+002,6.87
234,76.58,0.69,160.49,157.80,162.82,0.73,0.92,1.54,9.87,11.35,2.44,0.41,17.13,7.01,159.59,13.14,48.27,1.16,50.88,62719.00,0.13,5.041385e+002,9.05
235,107.35,0.91,173.81,165.77,159.03,0.79,0.96,1.54,11.69,13.21,2.44,0.41,19.64,8.04,164.61,14.78,55.36,1.17,47.98,85101.00,0.11,8.367069e+002,11.04
236,67.37,0.80,154.39,152.76,150.22,0.75,0.94,1.54,9.26,11.09,2.44,0.41,16.27,6.66,152.17,13.79,45.87,1.13,43.84,54021.00,0.16,4.159834e+002,9.12
237,110.88,0.73,153.19,155.35,151.25,0.74,0.93,1.54,11.88,13.31,2.41,0.41,19.78,8.20,153.79,15.32,55.95,1.17,51.63,81663.00,0.11,8.783179e+002,10.78
238,140.99,0.94,156.95,163.44,161.02,0.84,0.98,1.54,13.40,14.75,2.41,0.41,21.86,9.06,161.90,16.04,61.86,1.18,51.42,105071.00,0.09,1.259365e+003,13.34
239,349.97,0.78,126.43,136.08,142.90,0.24,0.69,5.84,21.11,28.08,16.27,0.06,85.04,5.23,133.72,30.61,180.52,2.03,42.48,191484.00,0.25,4.925122e+003,25.41
240,34.13,0.87,159.02,155.62,153.91,0.82,0.96,1.54,6.59,7.76,2.42,0.41,12.53,5.17,154.69,8.69,35.39,1.17,37.58,32795.00,0.15,1.500004e+002,6.78
241,19.81,0.76,142.61,135.49,143.18,0.47,0.43,5.01,5.02,9.06,13.68,0.07,24.61,1.80,137.70,10.59,52.82,1.52,10.59,19966.00,0.45,6.630745e+001,7.46
242,68.58,0.69,121.02,124.99,120.87,0.69,0.88,1.54,9.34,11.09,2.41,0.42,16.27,6.75,123.13,13.07,46.06,1.13,32.35,44326.00,0.16,4.271916e+002,8.23
243,40.41,0.75,155.45,154.96,152.75,0.69,0.89,1.53,7.17,8.55,2.41,0.42,13.28,5.52,154.35,9.72,37.60,1.15,41.15,37044.00,0.16,1.932561e+002,7.28
244,30.61,0.75,142.17,138.68,135.87,0.68,0.87,1.53,6.24,7.41,2.40,0.42,11.99,4.99,137.97,8.39,33.96,1.16,17.57,27042.00,0.16,1.273961e+002,6.28
245,51.47,0.73,146.10,144.34,141.22,0.73,0.92,1.55,8.10,9.51,2.46,0.41,14.70,5.98,143.38,10.81,41.37,1.16,48.34,41294.00,0.15,2.777638e+002,7.25
246,32.14,0.75,168.46,170.64,163.63,0.75,0.92,1.55,6.40,7.60,2.46,0.41,12.35,5.02,168.31,9.11,34.74,1.16,46.94,34167.00,0.16,1.370917e+002,5.44
247,61.62,0.89,161.31,157.87,166.21,0.78,0.94,1.55,8.86,9.92,2.46,0.41,15.77,6.41,160.72,10.59,44.36,1.19,43.09,53199.00,0.11,3.638777e+002,9.12
248,43.37,0.94,125.34,128.43,127.07,0.93,1.00,1.03,7.43,7.77,1.00,1.00,7.89,7.89,127.68,8.25,31.56,1.05,30.80,32302.00,0.04,2.148827e+002,7.44
249,191.30,0.86,151.03,162.46,163.28,0.83,0.98,1.55,15.61,16.92,2.46,0.41,25.17,10.21,161.39,18.44,70.77,1.20,49.87,135894.00,0.08,1.990390e+003,15.06
250,46.59,0.95,150.89,149.69,144.69,0.82,0.96,1.53,7.70,8.97,2.39,0.42,14.20,5.94,148.30,10.29,40.27,1.33,44.01,39597.00,0.14,2.392325e+002,8.23
251,64.49,0.64,155.09,165.35,165.89,0.69,0.89,1.53,9.06,10.63,2.37,0.42,15.77,6.64,164.06,13.03,44.82,1.14,47.54,56271.00,0.15,3.895776e+002,8.01
252,51.70,0.78,153.06,154.14,151.14,0.76,0.94,1.55,8.11,9.55,2.48,0.40,14.78,5.97,153.11,10.24,41.50,1.16,46.65,44250.00,0.15,2.796575e+002,8.95
253,148.73,0.84,168.35,169.62,166.48,0.81,0.97,1.56,13.76,15.05,2.49,0.40,22.71,9.13,168.52,16.09,63.69,1.20,43.71,114422.00,0.09,1.364521e+003,13.46
254,74.15,0.60,154.77,160.23,153.52,0.65,0.86,1.53,9.72,11.52,2.37,0.42,16.66,7.02,157.45,14.42,47.35,1.13,49.09,60305.00,0.16,4.802822e+002,7.46
255,107.10,0.97,137.43,151.12,153.82,0.83,0.97,1.52,11.68,13.15,2.36,0.42,19.28,8.17,150.25,14.48,54.90,1.16,42.53,77531.00,0.11,8.337650e+002,11.88
256,50.54,0.88,165.82,157.85,151.18,0.81,0.95,1.52,8.02,9.07,2.36,0.42,14.29,6.07,156.61,9.68,40.72,1.18,39.32,44478.00,0.12,2.702419e+002,8.36
257,198.16,0.85,141.99,156.10,155.51,0.79,0.96,1.56,15.88,17.48,2.51,0.40,25.80,10.27,154.25,19.52,72.15,1.18,50.73,133887.00,0.09,2.098353e+003,15.54
258,41.55,0.94,173.93,170.97,164.02,0.76,0.92,1.57,7.27,8.84,2.53,0.40,13.75,5.44,168.91,10.18,38.38,1.14,32.73,41382.00,0.18,2.014604e+002,7.51
259,28.87,0.55,153.19,145.48,142.66,0.65,0.80,1.57,6.06,7.64,2.53,0.40,12.06,4.76,138.01,9.81,33.63,1.13,5.09,25945.00,0.21,1.166906e+002,4.14
260,56.64,0.71,144.69,146.74,150.96,0.74,0.91,1.52,8.49,10.05,2.35,0.43,15.12,6.44,147.77,12.05,43.12,1.29,49.47,45809.00,0.16,3.206362e+002,7.32
261,110.12,0.83,147.11,147.19,139.77,0.75,0.96,1.57,11.84,13.61,2.55,0.39,20.44,8.02,144.85,15.99,56.92,1.27,46.83,76481.00,0.13,8.693348e+002,11.33
262,102.07,0.88,173.33,168.88,162.32,0.83,0.97,1.52,11.40,12.54,2.34,0.43,18.82,8.05,168.62,13.79,53.74,1.18,45.79,83635.00,0.09,7.757850e+002,10.88
263,41.55,0.89,161.58,162.49,162.42,0.78,0.94,1.51,7.27,8.36,2.33,0.43,13.20,5.67,162.22,9.77,37.73,1.17,38.19,39744.00,0.13,2.014604e+002,7.51
264,104.08,0.79,161.63,157.03,146.53,0.77,0.96,1.51,11.51,12.95,2.32,0.43,18.88,8.15,154.39,15.39,54.06,1.16,48.79,77813.00,0.11,7.987801e+002,10.22
265,90.85,0.75,166.83,167.81,161.63,0.74,0.94,1.51,10.76,12.09,2.31,0.43,17.85,7.72,165.84,14.32,51.13,1.16,49.40,74794.00,0.11,6.514312e+002,9.67
266,77.07,0.75,174.77,167.20,160.15,0.75,0.94,1.50,9.91,11.09,2.26,0.44,16.50,7.31,165.94,12.78,47.62,1.17,49.85,65548.00,0.11,5.089653e+002,8.72
267,114.17,0.71,145.69,149.90,151.74,0.61,0.88,1.58,12.06,14.26,2.57,0.39,21.21,8.24,146.58,16.98,58.89,1.35,24.60,79737.00,0.15,9.176603e+002,11.06
268,116.70,0.79,141.26,149.90,151.56,0.75,0.95,1.58,12.19,13.71,2.58,0.39,20.88,8.10,149.02,15.90,57.97,1.18,48.80,82558.00,0.11,9.483798e+002,11.80
269,130.98,0.81,171.81,172.73,164.90,0.78,0.95,1.58,12.91,14.26,2.59,0.39,21.96,8.48,170.27,15.72,60.88,1.20,47.13,103864.00,0.09,1.127578e+003,13.17
270,65.45,0.77,147.00,145.73,143.90,0.76,0.93,1.58,9.13,10.74,2.59,0.39,16.57,6.40,145.20,11.61,45.93,1.16,30.77,50386.00,0.15,3.983016e+002,9.62
271,68.09,0.78,141.45,143.55,142.91,0.67,0.93,1.58,9.31,11.85,2.59,0.39,18.43,7.11,139.90,14.38,51.07,1.73,20.84,50083.00,0.21,4.226939e+002,9.65
272,86.15,0.74,156.55,160.56,158.38,0.72,0.92,1.49,10.47,12.27,2.25,0.44,17.41,7.74,159.33,14.13,50.29,1.25,40.28,68832.00,0.15,6.015333e+002,9.82
273,117.72,0.94,170.90,165.93,160.42,0.82,0.97,1.59,12.24,13.76,2.61,0.38,21.26,8.14,164.85,15.33,58.81,1.30,43.26,91984.00,0.11,9.607778e+002,12.49
274,86.89,0.84,173.66,169.99,163.32,0.81,0.96,1.49,10.52,11.61,2.22,0.45,17.19,7.73,168.31,12.94,49.83,1.17,46.96,73217.00,0.09,6.093069e+002,9.70
275,34.58,0.74,172.73,172.45,169.60,0.77,0.91,1.59,6.63,7.85,2.62,0.38,13.09,4.99,171.46,9.25,36.17,1.18,26.00,36693.00,0.15,1.529358e+002,5.95
276,152.36,0.59,172.93,173.60,165.08,0.59,0.86,1.60,13.93,15.85,2.63,0.38,23.77,9.02,170.94,19.31,65.57,1.27,47.57,118460.00,0.12,1.414697e+003,11.02
277,95.33,0.81,176.71,172.19,168.79,0.77,0.95,1.60,11.02,12.59,2.64,0.38,19.43,7.37,171.68,15.22,53.61,1.18,51.20,80517.00,0.13,7.001436e+002,10.52
278,72.20,0.76,142.28,142.99,138.88,0.79,0.95,1.49,9.59,10.72,2.22,0.45,15.94,7.18,141.65,12.05,46.25,1.17,48.08,53117.00,0.11,4.615327e+002,8.53
279,107.35,0.71,142.07,150.09,155.01,0.74,0.93,1.48,11.69,13.04,2.21,0.45,18.67,8.46,150.64,14.65,54.25,1.16,41.29,77883.00,0.10,8.367069e+002,10.80
280,92.59,0.77,154.19,160.71,160.79,0.75,0.94,1.60,10.86,12.17,2.65,0.38,19.24,7.27,159.84,13.42,53.01,1.20,43.66,73208.00,0.11,6.702098e+002,10.57
281,32.36,0.91,168.99,163.99,168.30,0.79,0.94,1.60,6.42,7.62,2.65,0.38,12.84,4.85,165.83,8.62,35.39,1.18,45.43,33829.00,0.16,1.385016e+002,6.79
282,68.58,0.75,156.01,159.02,158.71,0.75,0.92,1.60,9.34,10.90,2.65,0.38,17.08,6.44,158.55,12.95,47.03,1.17,51.04,57079.00,0.14,4.271916e+002,8.99
283,91.60,0.63,157.11,156.66,149.97,0.67,0.89,1.60,10.80,12.43,2.66,0.38,19.19,7.23,154.73,15.90,52.82,1.17,49.82,70247.00,0.13,6.594533e+002,9.12
284,150.80,0.81,163.89,166.63,166.01,0.76,0.96,1.61,13.86,15.62,2.69,0.37,23.89,8.90,166.12,16.98,65.57,1.28,44.63,114125.00,0.11,1.393108e+003,13.62
285,45.90,0.87,156.42,147.34,148.02,0.69,0.91,1.61,7.64,8.93,2.69,0.37,14.72,5.47,146.70,9.81,40.40,1.19,37.57,38728.00,0.14,2.339235e+002,8.01
286,54.28,0.67,160.85,160.46,159.19,0.67,0.87,1.61,8.31,9.95,2.69,0.37,15.94,5.92,159.54,11.43,43.72,1.31,36.37,47861.00,0.16,3.008361e+002,7.46
287,145.12,0.53,144.56,150.26,149.11,0.51,0.80,1.61,13.59,16.02,2.69,0.37,23.39,8.68,149.24,19.98,64.14,1.14,61.95,99245.00,0.15,1.315044e+003,10.79
288,55.46,0.76,157.37,161.74,162.41,0.64,0.90,1.62,8.40,10.81,2.71,0.37,16.93,6.26,159.37,13.27,46.38,1.52,22.40,48608.00,0.22,3.106716e+002,8.61
289,50.54,0.67,160.61,158.40,151.31,0.73,0.90,1.62,8.02,9.46,2.71,0.37,15.32,5.66,156.53,11.73,41.96,1.18,49.79,44455.00,0.15,2.702419e+002,7.14
290,107.85,0.64,129.71,140.98,139.16,0.65,0.88,1.62,11.72,13.68,2.71,0.37,20.71,7.65,139.13,16.76,56.73,1.16,33.17,72211.00,0.14,8.426029e+002,9.49
291,60.43,0.97,152.27,157.22,156.76,0.86,0.98,1.48,8.77,9.86,2.20,0.45,14.81,6.72,156.34,10.22,43.07,1.17,51.07,50967.00,0.11,3.533804e+002,9.35
292,34.35,0.79,154.37,149.28,142.41,0.78,0.92,1.48,6.61,7.86,2.18,0.46,11.91,5.46,147.53,8.80,34.74,1.14,39.10,31423.00,0.16,1.514651e+002,6.27
293,68.82,0.86,164.43,161.92,159.05,0.80,0.95,1.62,9.36,10.62,2.72,0.37,17.31,6.37,161.19,11.61,47.35,1.20,45.78,58190.00,0.12,4.294477e+002,9.25
294,79.51,0.82,164.46,157.90,149.22,0.80,0.95,1.47,10.06,11.29,2.16,0.46,16.33,7.57,156.05,13.14,47.81,1.15,47.32,63201.00,0.11,5.333739e+002,9.25
295,57.58,0.74,149.11,146.33,145.16,0.75,0.92,1.47,8.56,9.90,2.16,0.46,14.38,6.67,146.10,11.00,42.10,1.14,46.75,45876.00,0.14,3.287003e+002,7.93
296,50.54,0.72,151.62,144.36,142.56,0.74,0.91,1.63,8.02,9.64,2.77,0.36,15.82,5.71,141.47,10.95,43.07,1.36,28.22,40177.00,0.17,2.702419e+002,7.62
297,145.37,0.91,157.57,168.75,171.60,0.84,0.98,1.64,13.61,15.15,2.78,0.36,23.95,8.61,168.30,16.46,65.12,1.31,50.71,112086.00,0.10,1.318555e+003,14.26
298,69.06,0.79,133.72,137.63,136.28,0.39,0.69,4.54,9.38,12.76,12.19,0.08,36.70,3.01,136.20,15.13,79.43,1.70,21.48,49305.00,0.27,4.317085e+002,10.18
299,43.37,0.94,169.63,168.38,166.02,0.78,0.92,1.64,7.43,8.93,2.81,0.36,14.72,5.25,167.47,9.88,39.94,1.17,31.54,42370.00,0.17,2.148827e+002,7.75
300,110.12,0.53,147.90,150.79,157.01,0.53,0.79,1.46,11.84,14.51,2.11,0.47,18.92,8.96,152.31,18.62,55.76,1.31,30.56,80422.00,0.18,8.693348e+002,9.01
301,21.04,0.89,153.82,148.30,144.05,0.83,0.95,1.46,5.18,6.05,2.11,0.47,9.87,4.67,147.39,6.70,29.08,1.17,30.86,22256.00,0.14,7.258714e+001,5.19
302,50.30,0.87,171.85,161.86,157.07,0.80,0.94,1.65,8.00,9.67,2.81,0.36,15.84,5.63,161.55,10.68,42.93,1.32,43.02,45718.00,0.17,2.683748e+002,9.01
303,62.34,0.66,142.43,140.62,136.32,0.69,0.89,1.65,8.91,10.51,2.81,0.36,16.94,6.02,139.29,13.10,45.93,1.18,43.33,46524.00,0.15,3.702358e+002,7.98
304,61.86,0.64,164.62,161.74,157.35,0.70,0.89,1.46,8.87,10.23,2.10,0.48,14.58,6.95,160.73,12.60,43.07,1.13,53.08,53364.00,0.13,3.659921e+002,7.46
305,41.78,0.94,149.68,150.71,154.73,0.76,0.94,1.45,7.29,8.51,2.09,0.48,12.77,6.10,147.87,8.95,37.73,1.31,33.69,36377.00,0.14,2.031184e+002,8.01
306,29.09,0.89,167.68,169.45,165.68,0.77,0.95,1.65,6.09,7.28,2.83,0.35,12.79,4.51,168.09,7.83,34.61,1.20,50.67,31769.00,0.16,1.180067e+002,6.64
307,42.00,0.92,175.42,171.87,172.55,0.79,0.95,1.66,7.31,8.50,2.85,0.35,14.67,5.14,172.43,9.17,39.62,1.21,50.38,42590.00,0.14,2.047821e+002,7.61
308,76.34,0.78,158.08,152.67,155.97,0.71,0.91,1.45,9.86,11.15,2.07,0.48,15.76,7.60,153.71,13.03,46.71,1.14,28.10,60256.00,0.12,5.017321e+002,8.57
309,82.46,0.82,165.77,161.82,153.14,0.74,0.95,1.66,10.25,11.53,2.88,0.35,19.14,6.65,159.53,13.62,51.59,1.22,47.64,66522.00,0.11,5.632638e+002,9.98
310,63.29,0.82,149.87,146.93,148.71,0.74,0.93,1.45,8.98,10.12,2.06,0.48,14.60,7.07,147.49,11.56,43.33,1.15,28.60,49850.00,0.11,3.787828e+002,8.88
311,234.00,0.71,121.35,137.41,137.22,0.69,0.93,1.66,17.26,19.09,2.88,0.35,29.69,10.31,135.50,22.30,80.02,1.21,47.61,135908.00,0.10,2.692750e+003,15.26
312,77.31,0.89,170.37,169.13,166.05,0.78,0.97,1.44,9.92,10.89,2.05,0.49,15.74,7.68,168.25,11.97,46.84,1.17,54.99,66627.00,0.09,5.113855e+002,9.40
313,40.64,0.74,162.16,162.31,158.55,0.78,0.94,1.44,7.19,8.26,2.03,0.49,12.23,6.02,160.98,9.78,36.49,1.15,38.85,38796.00,0.13,1.948855e+002,6.45
314,48.44,0.76,144.97,142.83,143.49,0.69,0.90,1.44,7.85,8.96,2.03,0.49,13.05,6.43,139.77,10.67,38.97,1.15,26.51,38438.00,0.12,2.536306e+002,7.70
315,70.02,0.80,158.64,161.58,158.16,0.82,0.96,1.44,9.44,10.57,2.03,0.49,15.05,7.43,159.95,12.15,44.95,1.15,45.06,58542.00,0.11,4.407997e+002,9.03
316,65.69,0.78,165.75,165.55,163.29,0.68,0.89,1.67,9.15,11.10,2.91,0.34,17.95,6.16,162.03,12.65,48.21,1.34,24.13,56386.00,0.18,4.004949e+002,8.53
317,54.75,0.68,147.85,149.51,149.98,0.70,0.89,1.67,8.35,10.10,2.91,0.34,16.39,5.63,149.11,11.71,44.04,1.17,42.54,45030.00,0.17,3.047547e+002,7.97
318,178.69,0.69,135.95,149.19,153.07,0.62,0.90,1.68,15.08,17.21,2.93,0.34,26.84,9.17,146.04,20.26,72.01,1.30,24.32,115956.00,0.12,1.796814e+003,13.36
319,70.75,0.72,144.95,146.70,144.35,0.71,0.91,1.68,9.49,11.06,2.93,0.34,18.16,6.21,145.75,13.31,48.73,1.20,46.51,53782.00,0.14,4.476680e+002,8.07
320,119.75,0.79,165.19,160.38,153.56,0.76,0.94,1.68,12.35,13.98,2.93,0.34,22.51,7.68,158.82,15.90,60.37,1.21,48.45,89893.00,0.12,9.857615e+002,11.23
321,122.80,0.61,125.17,133.11,137.18,0.38,0.71,4.25,12.50,16.77,11.27,0.09,44.61,3.96,133.24,21.85,97.13,1.64,27.14,77012.00,0.25,1.023703e+003,11.61
322,43.14,0.72,151.66,155.30,158.41,0.76,0.93,1.44,7.41,8.65,2.02,0.50,12.46,6.17,155.62,10.42,37.27,1.13,45.97,39217.00,0.14,2.131852e+002,6.71
323,32.36,0.80,155.04,151.13,149.02,0.77,0.92,1.43,6.42,7.61,2.01,0.50,11.18,5.57,150.96,9.01,33.50,1.13,44.58,30796.00,0.16,1.385016e+002,6.83
324,62.10,0.86,132.59,133.93,132.86,0.80,0.94,1.68,8.89,10.23,2.95,0.34,17.32,5.87,133.14,10.81,46.38,1.22,43.43,44334.00,0.13,3.681115e+002,9.40
325,54.75,0.44,99.08,111.22,125.47,0.45,0.71,1.68,8.35,10.26,2.95,0.34,16.50,5.59,113.45,13.69,44.17,1.16,32.34,34263.00,0.19,3.047547e+002,5.72
326,74.39,0.71,149.18,162.63,163.35,0.69,0.90,1.69,9.73,11.91,2.96,0.34,18.62,6.30,160.93,14.09,49.83,1.15,34.86,61797.00,0.18,4.826470e+002,8.70
327,117.97,0.82,161.35,163.89,165.41,0.78,0.97,1.43,12.26,13.13,1.98,0.50,18.40,9.28,164.04,14.55,55.36,1.17,50.60,91699.00,0.07,9.638871e+002,11.33
328,143.83,0.78,157.74,169.95,167.25,0.78,0.95,1.69,13.53,15.10,2.98,0.34,24.49,8.23,167.74,17.60,65.44,1.22,51.19,110707.00,0.10,1.297545e+003,12.42
329,47.52,0.89,175.33,175.36,170.20,0.74,0.93,1.69,7.78,8.94,2.98,0.34,15.72,5.27,172.80,10.33,41.96,1.23,51.86,46828.00,0.13,2.463880e+002,7.89
330,19.60,0.74,147.36,125.38,117.43,0.83,0.95,1.03,5.00,5.41,1.00,1.00,5.97,5.97,125.08,6.42,23.88,1.05,12.15,18011.00,0.08,6.528536e+001,4.14
331,48.44,0.75,168.81,161.71,165.31,0.73,0.92,1.69,7.85,9.04,2.99,0.33,15.84,5.30,163.32,9.77,42.29,1.23,40.09,44913.00,0.13,2.536306e+002,7.82
332,159.37,0.74,153.28,159.53,159.82,0.71,0.93,1.69,14.24,16.30,2.99,0.33,25.64,8.57,158.83,19.17,68.43,1.20,48.70,114360.00,0.13,1.513416e+003,12.63
333,99.57,0.55,132.97,137.30,138.85,0.55,0.81,1.70,11.26,13.35,3.00,0.33,21.10,7.03,137.00,16.46,56.27,1.18,48.79,66582.00,0.16,7.474138e+002,9.40
334,175.02,0.87,148.96,163.29,160.73,0.81,0.97,1.70,14.93,16.69,3.01,0.33,26.92,8.95,160.70,18.62,71.75,1.32,44.10,125346.00,0.11,1.741782e+003,14.64
335,95.83,0.78,144.87,147.60,142.77,0.78,0.96,1.43,11.05,12.11,1.98,0.50,16.88,8.52,145.84,13.77,50.80,1.16,42.23,68691.00,0.09,7.056415e+002,10.17
336,44.52,0.56,144.71,132.20,133.22,0.63,0.81,1.70,7.53,9.16,3.01,0.33,15.41,5.11,131.53,10.81,41.05,1.18,20.42,33935.00,0.18,2.234542e+002,6.56
337,55.46,0.70,154.95,158.13,154.00,0.74,0.91,1.43,8.40,9.60,1.97,0.51,13.56,6.87,156.50,11.42,40.86,1.13,52.32,47733.00,0.12,3.106716e+002,7.44
338,160.93,0.83,160.16,166.53,168.49,0.81,0.97,1.43,14.31,15.63,1.97,0.51,21.09,10.69,166.39,17.24,63.55,1.27,48.50,120797.00,0.08,1.535698e+003,13.68
339,56.40,0.66,132.29,137.58,133.91,0.67,0.87,1.70,8.47,10.24,3.02,0.33,16.89,5.59,135.71,12.56,44.95,1.18,46.82,41935.00,0.17,3.186330e+002,8.01
340,39.28,0.92,128.97,129.37,131.16,0.82,0.96,1.71,7.07,8.40,3.05,0.33,14.80,4.85,129.20,9.07,39.29,1.21,41.12,30363.00,0.16,1.851951e+002,7.93
341,64.49,0.91,161.03,156.71,153.86,0.73,0.92,1.71,9.06,10.58,3.06,0.33,17.89,5.86,155.71,11.24,47.49,1.21,27.40,53407.00,0.14,3.895776e+002,8.98
342,62.34,0.58,134.37,140.20,137.17,0.65,0.84,1.72,8.91,10.71,3.06,0.33,17.68,5.77,137.23,13.24,46.90,1.18,45.14,45834.00,0.17,3.702358e+002,6.91
343,74.88,0.69,150.68,147.73,144.27,0.62,0.89,1.72,9.76,12.26,3.09,0.32,20.29,6.58,142.59,14.55,53.74,1.62,24.81,55041.00,0.20,4.873904e+002,9.61
344,136.62,0.77,153.84,162.61,162.36,0.73,0.94,1.72,13.19,14.89,3.09,0.32,24.43,7.90,161.24,17.11,64.66,1.22,50.19,101903.00,0.11,1.201228e+003,13.21
345,46.13,0.63,175.48,164.27,154.43,0.70,0.88,1.42,7.66,9.05,1.97,0.51,12.61,6.42,162.57,11.19,38.06,1.11,45.20,43082.00,0.15,2.356877e+002,5.80
346,46.82,0.80,134.31,134.32,134.53,0.68,0.88,1.73,7.72,9.23,3.11,0.32,15.94,5.13,134.19,10.02,42.15,1.21,34.83,35964.00,0.16,2.410132e+002,7.83
347,65.69,0.50,152.51,152.31,154.20,0.52,0.77,1.42,9.15,11.11,1.94,0.52,14.36,7.40,144.51,15.20,43.52,1.07,11.61,50288.00,0.18,4.004949e+002,6.35
348,91.60,0.63,157.09,165.44,165.91,0.67,0.88,1.42,10.80,12.34,1.94,0.52,16.39,8.46,164.60,15.22,49.70,1.11,51.81,74729.00,0.12,6.594533e+002,9.65
349,55.69,0.97,165.36,164.42,164.30,0.73,0.91,1.74,8.42,10.20,3.17,0.32,17.45,5.51,164.33,11.34,45.93,1.34,33.97,50285.00,0.17,3.126542e+002,9.16
350,135.85,0.52,129.30,138.39,141.02,0.52,0.80,1.75,13.15,16.27,3.19,0.31,25.33,7.95,137.80,20.73,66.54,1.46,32.09,86676.00,0.19,1.191079e+003,9.78
351,129.70,0.74,143.57,147.59,142.20,0.72,0.93,1.76,12.85,14.69,3.21,0.31,24.35,7.59,145.43,17.11,63.88,1.22,46.97,87983.00,0.13,1.111092e+003,12.11
352,60.43,0.69,161.55,162.07,159.09,0.73,0.92,1.42,8.77,10.03,1.93,0.52,13.87,7.18,161.10,12.23,42.10,1.13,47.77,52518.00,0.13,3.533804e+002,8.01
353,41.09,0.75,154.09,155.49,154.75,0.77,0.92,1.41,7.23,8.33,1.92,0.52,11.93,6.22,154.29,9.46,36.30,1.13,34.93,37493.00,0.13,1.981615e+002,6.43
354,77.56,0.89,171.46,172.17,164.90,0.84,0.97,1.41,9.94,10.95,1.91,0.52,15.23,7.96,169.89,11.91,46.38,1.15,46.09,67445.00,0.09,5.138104e+002,9.79
355,180.26,0.74,138.37,147.35,143.12,0.73,0.93,1.77,15.15,17.17,3.25,0.31,28.72,8.84,145.00,19.32,75.14,1.45,46.85,116002.00,0.12,1.820599e+003,14.07
356,97.07,0.66,146.55,154.44,151.51,0.67,0.89,1.77,11.12,13.25,3.27,0.31,21.79,6.67,152.68,15.53,56.92,1.20,46.26,72674.00,0.16,7.194603e+002,9.88
357,25.86,0.71,167.02,164.97,162.66,0.71,0.87,1.77,5.74,7.18,3.27,0.31,13.18,4.03,164.26,8.25,34.42,1.21,53.53,28581.00,0.20,9.893920e+001,5.40
358,107.85,0.82,170.77,163.74,157.28,0.80,0.96,1.41,11.72,12.89,1.91,0.52,17.40,9.11,162.61,14.65,53.01,1.14,46.92,84397.00,0.09,8.426029e+002,10.26
359,74.15,0.76,151.40,153.20,148.91,0.66,0.92,1.77,9.72,11.45,3.27,0.31,19.55,5.98,151.69,14.31,51.07,1.22,50.18,58098.00,0.15,4.802822e+002,9.11
360,32.36,0.86,143.80,144.76,148.93,0.74,0.91,1.77,6.42,8.02,3.27,0.31,14.27,4.36,145.87,9.44,37.27,1.20,40.47,29758.00,0.20,1.385016e+002,6.91
361,45.67,0.81,135.00,130.82,131.59,0.69,0.93,1.78,7.63,9.91,3.29,0.30,17.78,5.41,131.31,10.97,46.38,1.73,23.41,34535.00,0.23,2.321648e+002,8.97
362,55.69,0.77,144.44,144.69,145.94,0.75,0.92,1.78,8.42,10.09,3.29,0.30,17.54,5.33,143.23,10.95,45.74,1.21,39.36,43827.00,0.17,3.126542e+002,8.84
363,101.57,0.84,146.04,151.24,146.26,0.81,0.97,1.41,11.37,12.38,1.91,0.52,16.97,8.89,149.18,13.66,51.72,1.15,50.29,73695.00,0.08,7.700776e+002,10.78
364,188.93,0.88,142.71,151.56,152.61,0.85,0.98,1.40,15.51,16.68,1.87,0.53,21.81,11.66,150.85,17.99,66.95,1.15,48.32,125658.00,0.07,1.953523e+003,15.19
365,39.28,0.52,165.40,164.95,164.66,0.61,0.80,1.40,7.07,8.39,1.86,0.54,11.54,6.22,157.88,10.42,35.52,1.10,6.53,37101.00,0.16,1.851951e+002,4.76
366,54.99,0.77,148.30,140.19,142.74,0.81,0.96,1.06,8.37,9.22,1.00,1.00,9.01,9.01,140.50,10.59,36.04,1.24,11.20,42572.00,0.09,3.067218e+002,6.91
367,51.94,0.90,175.52,173.58,170.74,0.75,0.95,1.79,8.13,9.49,3.32,0.30,17.15,5.16,172.71,10.52,44.63,1.24,48.77,50085.00,0.14,2.815565e+002,8.01
368,59.00,0.81,142.98,139.95,137.67,0.67,0.90,1.80,8.67,10.15,3.35,0.30,18.08,5.40,139.47,12.33,46.97,1.24,24.98,44630.00,0.15,3.409493e+002,8.23
369,181.31,0.80,144.63,150.39,147.88,0.77,0.96,1.80,15.19,16.82,3.35,0.30,28.69,8.56,148.97,18.04,74.49,1.26,47.52,119774.00,0.10,1.836521e+003,14.13
370,76.58,0.79,166.04,162.04,157.23,0.80,0.95,1.40,9.87,11.05,1.85,0.54,14.92,8.04,161.06,13.09,45.93,1.13,50.10,63298.00,0.11,5.041385e+002,8.57
371,36.81,0.76,141.17,144.87,145.50,0.79,0.95,1.39,6.85,8.01,1.83,0.55,11.19,6.11,144.65,9.26,34.61,1.12,47.34,32402.00,0.15,1.679726e+002,6.35
372,33.25,0.84,149.02,150.46,151.67,0.76,0.93,1.39,6.51,7.51,1.82,0.55,10.74,5.91,150.37,8.25,33.31,1.13,38.70,31276.00,0.13,1.442022e+002,6.35
373,21.04,0.79,161.87,154.04,150.15,0.75,0.89,1.81,5.18,6.38,3.40,0.29,12.51,3.69,153.76,7.06,32.40,1.24,40.14,23218.00,0.19,7.258714e+001,5.49
374,26.08,0.81,155.56,150.70,149.91,0.80,0.94,1.39,5.76,6.67,1.80,0.56,9.80,5.45,150.97,8.01,30.51,1.14,44.42,26420.00,0.14,1.001650e+002,5.67
375,89.37,0.57,150.65,148.45,147.82,0.51,0.80,1.82,10.67,13.89,3.42,0.29,22.88,6.69,147.09,16.64,59.13,1.60,26.66,65453.00,0.23,6.355038e+002,9.12
376,116.70,0.86,154.58,159.81,158.37,0.81,0.97,1.38,12.19,13.35,1.79,0.56,17.41,9.72,158.70,15.32,54.25,1.13,50.22,87919.00,0.09,9.483798e+002,11.91
377,135.33,0.80,152.63,163.35,162.01,0.79,0.96,1.38,13.13,14.22,1.79,0.56,18.50,10.35,161.56,16.31,57.70,1.14,48.67,101296.00,0.08,1.184331e+003,12.17
378,73.17,0.84,169.88,163.75,162.11,0.76,0.94,1.83,9.65,11.59,3.45,0.29,20.23,5.86,163.82,12.75,52.18,1.35,39.81,62086.00,0.17,4.708700e+002,9.26
379,118.99,0.76,149.16,154.88,157.90,0.73,0.93,1.83,12.31,13.87,3.47,0.29,24.41,7.04,155.03,15.75,62.90,1.27,50.30,87282.00,0.11,9.763634e+002,11.15
380,127.14,0.57,159.09,167.28,170.60,0.46,0.72,3.75,12.72,18.77,9.68,0.10,44.16,4.56,166.96,26.02,97.45,1.83,24.23,99343.00,0.32,1.078402e+003,11.88
381,114.42,0.66,149.54,161.85,160.93,0.64,0.89,1.83,12.07,13.79,3.47,0.29,24.05,6.92,160.03,17.43,61.93,1.25,51.86,87217.00,0.12,9.207145e+002,10.33
382,90.36,0.68,133.93,137.61,135.13,0.70,0.91,1.83,10.73,12.53,3.48,0.29,22.05,6.34,136.44,14.89,56.79,1.36,39.55,61261.00,0.14,6.461047e+002,10.22
383,74.39,0.74,174.19,171.81,162.21,0.77,0.94,1.37,9.73,10.92,1.73,0.58,14.25,8.23,169.08,12.94,44.95,1.12,50.92,64925.00,0.11,4.826470e+002,8.65
384,70.75,0.47,148.98,149.21,144.41,0.51,0.72,1.84,9.49,11.97,3.48,0.29,19.81,5.69,147.73,14.42,50.99,1.17,54.96,54513.00,0.21,4.476680e+002,7.46
385,180.79,0.87,161.45,166.79,163.98,0.78,0.97,1.84,15.17,16.67,3.49,0.29,29.40,8.42,165.33,17.73,75.65,1.38,47.08,132595.00,0.09,1.828553e+003,15.29
386,93.34,0.67,166.78,173.08,171.56,0.72,0.92,1.37,10.90,12.29,1.71,0.58,15.52,9.07,171.89,14.17,49.18,1.11,47.80,79241.00,0.11,6.783223e+002,8.78
387,67.61,0.56,108.74,99.49,101.34,0.55,0.81,1.85,9.28,11.55,3.51,0.28,19.54,5.56,100.63,14.50,50.21,1.19,39.89,35825.00,0.20,4.182155e+002,6.91
388,20.83,0.84,172.19,161.05,155.51,0.74,0.90,1.85,5.15,7.09,3.52,0.28,13.40,3.80,160.41,7.86,34.42,1.48,29.37,24061.00,0.27,7.152309e+001,6.19
389,130.46,0.52,130.26,137.29,136.84,0.52,0.79,1.85,12.89,15.75,3.53,0.28,26.11,7.39,136.33,20.36,67.00,1.43,29.97,82889.00,0.18,1.120972e+003,10.83
390,110.63,0.67,148.27,149.42,148.03,0.58,0.87,1.85,11.87,15.44,3.53,0.28,26.24,7.43,146.53,18.32,67.33,1.99,22.81,77663.00,0.23,8.753195e+002,11.21
391,174.76,0.52,129.33,140.63,137.54,0.49,0.79,1.85,14.92,17.97,3.54,0.28,29.19,8.24,138.40,22.77,74.87,1.28,30.96,107816.00,0.17,1.737876e+003,11.36
392,34.13,0.88,157.09,149.57,142.29,0.79,0.94,1.36,6.59,7.64,1.70,0.59,10.48,6.18,147.54,8.25,33.31,1.12,48.15,31278.00,0.14,1.500004e+002,6.78
393,75.36,0.56,127.41,126.97,128.02,0.54,0.80,1.86,9.80,11.83,3.56,0.28,20.55,5.76,126.06,14.17,52.63,1.22,25.97,48912.00,0.17,4.921525e+002,7.28
394,27.79,0.70,155.05,159.69,158.96,0.70,0.88,1.86,5.95,7.66,3.57,0.28,14.13,3.96,158.73,9.78,36.17,1.20,48.28,29047.00,0.22,1.102058e+002,5.25
395,86.15,0.75,152.47,149.75,140.91,0.78,0.95,1.36,10.47,11.64,1.68,0.60,14.88,8.87,147.38,13.69,47.49,1.12,47.92,63669.00,0.10,6.015333e+002,9.46
396,23.12,0.92,161.73,152.93,148.93,0.80,0.96,1.36,5.43,6.28,1.66,0.60,9.03,5.45,151.68,7.21,28.95,1.13,33.95,24420.00,0.14,8.360601e+001,5.71
397,39.28,0.87,134.23,137.17,131.71,0.86,0.97,1.35,7.07,8.05,1.64,0.61,10.85,6.61,135.20,9.45,34.93,1.12,46.80,31771.00,0.12,1.851951e+002,6.98
398,70.51,0.53,123.45,125.13,125.29,0.55,0.78,1.89,9.47,11.55,3.68,0.27,20.33,5.53,124.94,13.89,51.72,1.22,35.73,45978.00,0.18,4.453738e+002,8.01
399,170.57,0.73,149.54,160.29,157.87,0.73,0.94,1.35,14.74,16.36,1.64,0.61,19.66,11.99,158.32,20.17,63.31,1.20,51.70,120802.00,0.10,1.675838e+003,13.54
400,44.98,0.96,147.40,143.69,142.84,0.57,0.87,1.90,7.57,8.87,3.69,0.27,17.13,4.64,143.68,9.33,43.52,1.28,24.20,37358.00,0.15,2.269218e+002,8.23
401,57.82,0.78,170.30,159.62,156.25,0.71,0.90,1.90,8.58,10.64,3.70,0.27,18.88,5.10,159.78,12.27,47.95,1.22,34.63,50331.00,0.19,3.307291e+002,8.63
402,24.59,0.85,173.39,167.84,165.39,0.68,0.87,1.91,5.60,6.90,3.72,0.27,13.82,3.71,167.20,8.15,35.06,1.26,30.66,28089.00,0.19,9.172258e+001,5.82
403,77.80,0.74,165.82,163.77,158.07,0.76,0.95,1.35,9.95,10.95,1.63,0.61,14.06,8.64,162.30,12.99,45.41,1.13,51.74,64594.00,0.09,5.162398e+002,8.78
404,171.62,0.51,138.61,151.54,151.61,0.50,0.78,1.92,14.78,17.70,3.77,0.27,29.72,7.88,149.99,23.01,75.20,1.22,34.65,115039.00,0.16,1.691267e+003,11.83
405,111.89,0.81,149.07,148.80,143.05,0.74,0.94,1.93,11.94,13.58,3.79,0.26,24.89,6.56,147.12,14.87,62.90,1.29,43.61,78709.00,0.12,8.903515e+002,11.59
406,132.00,0.83,166.70,168.53,162.49,0.83,0.97,1.35,12.96,14.13,1.62,0.62,17.56,10.83,166.43,15.83,56.79,1.23,47.78,102191.00,0.08,1.140835e+003,11.88
407,50.30,0.77,158.87,165.83,162.74,0.79,0.95,1.34,8.00,9.11,1.59,0.63,11.72,7.37,164.12,10.42,38.19,1.11,47.78,46446.00,0.12,2.683748e+002,7.68
408,49.60,0.96,161.40,163.51,167.08,0.93,1.00,1.06,7.95,9.41,1.00,1.00,9.30,9.30,163.83,9.99,37.22,1.71,16.71,45873.00,0.16,2.628054e+002,8.90
409,36.81,0.83,121.70,123.43,124.66,0.84,0.96,1.34,6.85,7.80,1.58,0.63,10.41,6.57,123.32,8.92,33.96,1.12,42.34,27623.00,0.12,1.679726e+002,6.66
410,52.17,0.74,147.26,158.84,164.56,0.78,0.94,1.34,8.15,9.12,1.56,0.64,11.78,7.54,159.23,10.66,38.65,1.12,43.96,46336.00,0.11,2.834608e+002,7.05
411,51.47,0.94,161.35,167.46,167.63,0.74,0.91,1.96,8.10,9.55,3.91,0.26,18.54,4.74,166.81,10.42,46.57,1.29,34.66,48042.00,0.15,2.777638e+002,8.84
412,65.45,0.44,122.71,123.22,122.26,0.48,0.69,1.96,9.13,11.76,3.91,0.26,20.36,5.20,122.68,15.75,51.13,1.19,46.72,42571.00,0.22,3.983016e+002,6.80
413,192.88,0.62,128.50,144.72,145.50,0.58,0.87,1.97,15.67,18.54,3.95,0.25,31.98,8.10,143.04,23.08,80.15,1.25,36.58,121298.00,0.15,2.015112e+003,13.36
414,55.69,0.83,159.90,163.85,159.74,0.83,0.97,1.34,8.42,9.34,1.56,0.64,12.06,7.75,162.15,10.78,39.62,1.13,47.82,49619.00,0.10,3.126542e+002,8.12
415,41.78,0.53,120.14,120.04,122.91,0.56,0.75,1.98,7.29,9.78,3.96,0.25,17.24,4.36,120.63,12.66,43.20,1.18,42.50,29675.00,0.25,2.031184e+002,6.27
416,19.81,0.57,169.15,165.41,163.92,0.61,0.72,1.98,5.02,7.07,3.96,0.25,13.25,3.34,164.85,8.68,33.18,1.18,38.17,23903.00,0.29,6.630745e+001,4.64
417,79.51,0.71,154.91,159.66,155.44,0.65,0.91,2.00,10.06,11.71,4.02,0.25,22.29,5.55,157.73,13.89,55.68,1.30,52.31,63881.00,0.14,5.333739e+002,8.95
418,84.43,0.66,150.20,156.63,158.24,0.60,0.84,2.00,10.37,12.69,4.04,0.25,22.88,5.67,155.94,14.87,57.11,1.24,33.69,66273.00,0.18,5.835497e+002,9.94
419,101.57,0.69,139.36,141.00,137.01,0.73,0.92,1.33,11.37,12.65,1.50,0.66,15.06,10.01,139.60,15.68,50.16,1.10,48.99,68964.00,0.10,7.700776e+002,9.35
420,56.64,0.69,157.35,155.37,150.43,0.75,0.92,1.32,8.49,9.73,1.46,0.68,11.76,8.05,154.10,11.61,39.62,1.09,46.20,47772.00,0.13,3.206362e+002,7.32
421,109.11,0.85,158.09,154.04,149.83,0.81,0.96,1.32,11.79,12.95,1.44,0.69,15.20,10.53,153.21,14.89,51.45,1.11,46.95,80283.00,0.09,8.574136e+002,10.58
422,68.33,0.79,152.86,157.80,156.76,0.61,0.89,2.01,9.33,11.90,4.07,0.25,21.13,5.19,156.61,14.77,52.63,1.21,48.89,56224.00,0.22,4.249404e+002,9.59
423,48.44,0.65,135.15,125.15,125.84,0.59,0.83,2.02,7.85,9.61,4.09,0.24,18.54,4.53,126.07,11.34,46.14,1.27,21.71,34670.00,0.18,2.536306e+002,7.38
424,140.48,0.52,139.89,145.60,144.14,0.47,0.77,2.02,13.37,17.04,4.10,0.24,28.89,7.05,144.42,22.29,71.88,1.35,32.00,93441.00,0.22,1.252470e+003,11.27
425,40.64,0.70,171.29,163.74,162.16,0.77,0.92,1.32,7.19,8.23,1.43,0.70,10.27,7.16,163.99,10.42,34.87,1.10,44.72,39522.00,0.13,1.948855e+002,5.81
426,37.48,0.79,162.70,159.67,158.84,0.70,0.87,2.03,6.91,9.16,4.13,0.24,16.91,4.10,158.77,10.59,42.02,1.21,49.93,36041.00,0.25,1.725993e+002,7.65
427,52.64,0.65,167.71,167.68,166.80,0.73,0.90,1.31,8.19,9.31,1.38,0.73,11.10,8.06,167.30,10.96,38.32,1.09,44.02,49018.00,0.12,2.872853e+002,6.24
428,49.84,0.94,151.31,150.35,144.83,0.82,0.96,1.30,7.97,8.98,1.32,0.76,10.64,8.07,148.80,9.72,37.41,1.10,40.16,41814.00,0.11,2.646565e+002,8.21
429,79.51,0.76,138.38,128.35,125.15,0.66,0.91,2.06,10.06,12.24,4.25,0.24,23.54,5.54,128.20,14.23,58.16,1.50,36.58,51922.00,0.18,5.333739e+002,9.52
430,56.40,0.73,156.18,158.74,158.06,0.78,0.94,1.29,8.47,9.51,1.28,0.78,11.01,8.57,158.21,10.87,39.16,1.10,51.59,48888.00,0.11,3.186330e+002,7.28
431,53.58,0.80,134.38,136.37,140.18,0.72,0.89,2.07,8.26,10.24,4.28,0.23,19.69,4.61,137.12,11.71,48.59,1.27,29.30,40726.00,0.19,2.949972e+002,8.83
432,43.14,0.85,170.29,155.93,150.34,0.71,0.92,2.08,7.41,8.75,4.29,0.23,18.18,4.23,155.87,10.27,44.82,1.33,38.35,39278.00,0.15,2.131852e+002,7.78
433,74.15,0.76,164.23,162.67,160.44,0.69,0.92,2.09,9.72,11.51,4.32,0.23,22.48,5.20,162.16,13.35,55.36,1.31,48.12,62106.00,0.16,4.802822e+002,9.27
434,73.66,0.88,163.60,161.28,160.66,0.74,0.93,2.10,9.68,11.37,4.36,0.23,22.51,5.17,161.38,13.16,55.36,1.32,47.86,61486.00,0.15,4.755668e+002,9.79
435,80.49,0.66,150.08,155.63,153.17,0.61,0.87,2.10,10.12,11.93,4.36,0.23,23.34,5.35,154.26,14.01,57.38,1.31,52.14,63091.00,0.15,5.432649e+002,9.12
436,23.54,0.96,129.59,117.63,120.01,0.81,0.94,1.29,5.47,6.27,1.28,0.78,7.97,6.24,119.71,6.80,28.43,1.11,31.72,19512.00,0.13,8.589147e+001,5.76
437,110.63,0.48,141.73,144.52,142.44,0.45,0.70,2.11,11.87,15.50,4.42,0.23,26.73,6.05,143.19,18.80,65.57,1.20,50.86,75891.00,0.23,8.753195e+002,9.88
438,122.80,0.81,163.79,166.37,162.54,0.72,0.94,2.12,12.50,14.44,4.43,0.23,28.18,6.36,164.92,16.04,69.08,1.44,45.87,95324.00,0.13,1.023703e+003,12.43
439,102.58,0.64,176.15,173.17,167.05,0.62,0.86,2.12,11.43,13.47,4.44,0.23,25.99,5.85,171.64,16.24,63.69,1.31,50.69,85479.00,0.15,7.815091e+002,9.68
440,171.88,0.49,159.01,167.62,164.61,0.46,0.75,2.12,14.79,18.75,4.45,0.22,32.59,7.33,165.67,24.24,79.83,1.33,32.13,127235.00,0.21,1.695133e+003,11.25
441,54.75,0.76,153.98,148.97,145.26,0.64,0.90,2.13,8.35,9.82,4.47,0.22,20.31,4.54,148.40,11.91,49.70,1.34,45.70,44818.00,0.15,3.047547e+002,7.45
442,57.82,0.46,124.51,127.45,133.60,0.48,0.70,2.14,8.58,11.77,4.49,0.22,20.77,4.63,127.46,15.32,50.80,1.18,35.44,40150.00,0.27,3.307291e+002,7.19
443,33.47,0.83,165.14,167.00,170.06,0.66,0.86,2.17,6.53,8.48,4.60,0.22,17.50,3.80,167.71,9.99,42.61,1.45,30.54,35051.00,0.23,1.456426e+002,7.46
444,24.80,0.52,172.08,163.26,152.13,0.64,0.81,1.29,5.62,7.68,1.22,0.82,8.74,7.16,155.54,10.29,31.80,1.49,5.69,26286.00,0.27,9.290882e+001,4.05
445,63.53,0.70,156.85,164.26,164.75,0.75,0.93,1.28,8.99,9.96,1.19,0.84,11.12,9.31,163.40,11.92,40.86,1.10,45.16,55391.00,0.10,3.809319e+002,7.58
446,74.63,0.61,142.82,143.39,147.65,0.57,0.81,2.19,9.75,12.01,4.68,0.21,23.45,5.01,144.13,14.55,56.92,1.30,54.02,55491.00,0.19,4.850164e+002,9.82
447,115.43,0.65,170.75,162.53,153.66,0.69,0.91,1.28,12.12,13.43,1.17,0.86,14.09,12.09,160.81,16.76,52.37,1.20,48.29,88282.00,0.10,9.329708e+002,9.79
448,49.37,0.82,167.67,159.47,156.01,0.66,0.88,2.22,7.93,9.73,4.76,0.21,20.13,4.23,159.25,10.79,48.73,1.33,34.50,44432.00,0.19,2.609597e+002,8.17
449,85.17,0.76,147.05,155.61,153.58,0.43,0.85,2.22,10.41,12.01,4.76,0.21,24.95,5.24,154.01,13.46,60.37,1.37,36.42,65918.00,0.13,5.912304e+002,10.59
450,121.78,0.58,150.80,157.34,153.91,0.56,0.81,2.22,12.45,15.55,4.77,0.21,29.36,6.16,155.50,19.93,71.04,1.48,29.85,89258.00,0.20,1.010994e+003,10.66
451,103.08,0.55,139.86,140.35,141.16,0.49,0.78,2.23,11.46,15.47,4.78,0.21,27.95,5.84,140.52,20.49,67.59,1.46,25.93,70259.00,0.26,7.872496e+002,9.73
452,92.84,0.87,167.31,159.91,154.01,0.71,0.92,2.25,10.87,13.13,4.85,0.21,26.08,5.37,158.92,14.38,62.90,1.33,42.72,72944.00,0.17,6.729097e+002,11.35
453,56.40,0.60,136.92,133.55,132.95,0.51,0.79,2.26,8.47,10.62,4.91,0.20,21.83,4.45,130.74,12.60,52.56,1.46,15.23,40400.00,0.20,3.186330e+002,7.46
454,86.15,0.99,154.49,154.88,156.26,0.72,0.92,2.27,10.47,12.30,4.91,0.20,25.46,5.18,155.24,12.80,61.29,1.37,35.42,67062.00,0.15,6.015333e+002,11.34
455,39.51,0.47,114.00,125.99,141.18,0.57,0.75,1.28,7.09,8.50,1.12,0.89,9.00,8.01,129.14,11.06,34.01,1.05,23.87,30478.00,0.17,1.867958e+002,4.07
456,122.80,0.80,165.80,167.14,167.38,0.68,0.93,2.27,12.50,14.48,4.93,0.20,29.50,5.98,167.02,15.36,70.96,1.37,47.40,96540.00,0.14,1.023703e+003,12.76
457,106.60,0.77,152.12,149.60,144.36,0.79,0.95,1.27,11.65,12.68,1.00,1.00,12.51,12.51,148.30,14.45,50.02,1.10,48.82,76224.00,0.08,8.278934e+002,9.67
458,48.44,0.81,132.48,130.72,129.99,0.67,0.87,2.28,7.85,10.04,4.96,0.20,20.41,4.11,130.47,10.87,49.05,1.30,30.30,35878.00,0.22,2.536306e+002,9.31
459,122.29,0.69,150.33,154.28,150.50,0.59,0.83,2.28,12.48,15.60,4.97,0.20,29.86,6.01,150.82,17.73,71.75,1.41,39.55,86872.00,0.20,1.017341e+003,12.50
460,60.91,0.80,151.64,149.28,145.03,0.82,0.96,1.27,8.81,9.70,1.00,1.00,9.99,9.99,148.28,11.00,39.94,1.10,49.57,48635.00,0.09,3.575643e+002,8.23
461,85.90,0.66,159.41,152.94,148.58,0.65,0.85,2.30,10.46,12.69,5.01,0.20,25.68,5.13,152.12,14.68,61.61,1.34,43.96,65565.00,0.18,5.989510e+002,9.95
462,30.39,0.66,123.63,100.44,90.84,0.76,0.91,1.12,6.22,6.87,1.00,1.00,7.22,7.22,99.74,8.34,28.89,1.06,23.63,19449.00,0.09,1.260359e+002,4.99
463,125.86,0.70,131.84,138.84,138.52,0.61,0.85,2.30,12.66,15.47,5.02,0.20,30.09,5.99,136.53,18.37,72.15,1.32,23.08,80551.00,0.18,1.062200e+003,11.74
464,48.67,0.72,158.24,163.23,158.23,0.76,0.93,1.27,7.87,8.77,1.00,1.00,9.16,9.16,161.00,10.29,36.63,1.10,52.40,44435.00,0.10,2.554547e+002,7.45
465,52.64,0.87,150.93,147.58,139.97,0.85,0.97,1.26,8.19,9.00,1.00,1.00,9.40,9.40,145.69,10.42,37.60,1.10,44.45,42688.00,0.09,2.872853e+002,8.01
466,54.52,0.58,154.34,150.14,140.20,0.67,0.86,1.25,8.33,9.41,1.00,1.00,9.51,9.51,143.78,12.15,38.06,1.08,17.43,43277.00,0.11,3.027928e+002,6.35
467,35.47,0.78,168.18,161.71,161.30,0.54,0.79,2.33,6.72,8.36,5.13,0.19,18.49,3.60,158.45,9.46,44.17,1.36,21.50,34542.00,0.20,1.588789e+002,7.21
468,39.05,0.54,171.07,163.72,165.83,0.65,0.83,1.25,7.05,8.50,1.00,1.00,8.68,8.68,152.25,11.10,34.74,1.30,6.54,35626.00,0.17,1.836003e+002,5.08
469,133.28,0.85,144.49,149.34,150.79,0.71,0.96,2.34,13.03,15.03,5.16,0.19,31.22,6.05,149.21,16.64,74.55,1.39,43.23,92363.00,0.13,1.157490e+003,13.14
470,33.03,0.66,160.53,161.19,164.51,0.75,0.91,1.15,6.48,7.21,1.00,1.00,7.55,7.55,151.43,9.25,30.19,1.06,10.82,31346.00,0.10,1.427679e+002,5.24
471,36.81,0.94,172.33,163.12,164.79,0.72,0.90,2.36,6.85,8.86,5.21,0.19,18.88,3.62,164.49,9.46,45.01,1.32,37.15,36846.00,0.23,1.679726e+002,7.66
472,66.89,0.90,174.18,170.67,168.84,0.86,0.98,1.24,9.23,10.01,1.00,1.00,10.26,10.26,170.50,11.06,41.05,1.10,46.23,60187.00,0.08,4.115339e+002,9.12
473,27.58,0.57,149.14,142.65,146.41,0.70,0.86,1.22,5.93,6.86,1.00,1.00,7.30,7.30,135.14,9.11,29.21,1.07,5.24,24595.00,0.14,1.089281e+002,4.23
474,127.91,0.61,149.24,156.26,155.18,0.60,0.86,2.39,12.76,14.96,5.32,0.19,31.16,5.86,154.93,17.66,74.03,1.39,47.37,92649.00,0.15,1.088169e+003,10.81
475,25.65,0.79,167.23,156.03,145.91,0.81,0.94,1.22,5.71,6.52,1.00,1.00,7.11,7.11,154.28,7.57,28.43,1.08,42.44,26691.00,0.12,9.771995e+001,5.10
476,262.13,0.52,117.18,132.20,134.57,0.44,0.78,2.42,18.27,22.38,5.43,0.18,43.05,7.92,131.18,28.40,101.95,1.40,29.23,145343.00,0.18,3.192549e+003,14.40
477,98.32,0.59,139.31,141.39,142.31,0.57,0.81,2.43,11.19,14.81,5.44,0.18,29.89,5.50,141.13,18.30,70.77,1.68,24.64,67884.00,0.24,7.333846e+002,10.73
478,40.87,0.77,161.86,151.63,151.58,0.70,0.86,2.43,7.21,9.26,5.45,0.18,20.06,3.68,152.61,10.18,47.49,1.35,40.27,36932.00,0.22,1.965207e+002,8.02
479,79.27,0.69,169.75,173.98,170.52,0.75,0.93,1.21,10.05,11.04,1.00,1.00,10.85,10.85,172.43,13.54,43.39,1.07,49.48,69662.00,0.09,5.309125e+002,8.01
480,80.74,0.82,170.72,168.57,167.80,0.59,0.80,3.47,10.14,13.23,8.79,0.11,33.18,3.77,168.39,15.86,73.90,1.54,27.90,69041.00,0.23,5.457490e+002,11.28
481,82.95,0.44,168.84,164.89,157.81,0.43,0.68,2.50,10.28,15.23,5.68,0.18,28.68,5.05,163.22,21.52,67.46,1.69,28.32,68391.00,0.33,5.683085e+002,8.41
482,41.78,0.98,155.00,148.25,141.51,0.65,0.81,2.51,7.29,10.14,5.70,0.18,21.81,3.82,146.45,11.65,51.26,1.64,27.91,36026.00,0.28,2.031184e+002,8.64
483,39.28,0.79,137.48,143.79,146.63,0.83,0.96,1.21,7.07,7.79,1.00,1.00,8.25,8.25,143.16,9.33,32.99,1.09,51.99,33642.00,0.09,1.851951e+002,6.66
484,43.60,0.82,144.04,141.25,137.20,0.84,0.97,1.21,7.45,8.25,1.00,1.00,8.57,8.57,140.35,9.44,34.28,1.08,46.72,35648.00,0.10,2.165858e+002,6.91
485,86.40,0.46,138.00,139.23,139.45,0.41,0.68,2.55,10.49,13.70,5.85,0.17,27.80,4.76,138.25,18.04,65.12,1.32,44.95,59861.00,0.23,6.041201e+002,8.00
486,49.14,0.80,140.98,140.56,137.10,0.84,0.97,1.20,7.91,8.61,1.00,1.00,8.96,8.96,139.54,10.02,35.84,1.09,48.06,38793.00,0.08,2.591193e+002,7.44
487,31.92,0.45,118.89,119.99,126.91,0.49,0.65,2.61,6.38,8.77,6.02,0.17,19.28,3.20,121.87,11.88,44.95,1.33,41.39,24617.00,0.27,1.356881e+002,5.25
488,50.30,0.95,172.81,167.52,162.09,0.41,0.76,2.61,8.00,10.43,6.05,0.17,22.86,3.78,161.82,11.37,53.28,1.37,20.94,45795.00,0.23,2.683748e+002,9.34
489,56.64,0.75,143.20,141.44,129.90,0.63,0.85,2.62,8.49,11.47,6.05,0.17,24.51,4.05,138.03,13.35,57.11,1.52,30.25,42788.00,0.26,3.206362e+002,9.20
490,103.83,0.69,141.07,140.60,136.44,0.71,0.92,1.20,11.50,13.14,1.00,1.00,12.54,12.54,133.82,16.29,50.16,1.34,15.76,67309.00,0.12,7.958913e+002,9.67
491,26.93,0.96,168.26,158.41,162.48,0.63,0.80,2.67,5.86,7.77,6.22,0.16,18.43,2.97,159.39,8.25,42.80,1.40,21.78,28531.00,0.25,1.051335e+002,6.91
492,28.87,0.95,170.71,161.37,152.56,0.87,0.97,1.20,6.06,6.78,1.00,1.00,7.35,7.35,159.79,7.45,29.40,1.09,40.51,30041.00,0.11,1.166906e+002,6.09
493,124.84,0.78,174.59,168.62,159.67,0.68,0.91,2.75,12.61,14.80,6.48,0.15,34.41,5.31,166.60,16.64,79.43,1.62,39.77,97629.00,0.15,1.049306e+003,13.10
494,139.45,0.20,168.12,160.54,163.95,0.00,0.35,2.82,13.32,21.57,6.70,0.15,36.26,5.41,162.02,31.52,83.35,1.13,42.48,104179.00,0.38,1.238725e+003,5.86
495,104.84,0.88,143.10,149.76,148.80,0.87,0.98,1.20,11.55,12.27,1.00,1.00,12.07,12.07,148.70,13.62,48.27,1.09,47.65,75392.00,0.06,8.074712e+002,11.00
496,92.84,0.57,159.46,160.54,157.87,0.51,0.77,2.95,10.87,15.28,7.11,0.14,32.82,4.61,159.50,20.70,74.87,1.62,26.52,73212.00,0.29,6.729097e+002,9.67
497,33.91,0.93,169.07,166.28,164.12,0.65,0.81,2.97,6.57,8.63,7.20,0.14,21.53,2.99,164.38,9.67,49.05,1.47,23.76,34684.00,0.24,1.485417e+002,7.83
498,68.33,0.69,150.14,149.23,147.87,0.74,0.92,1.19,9.33,11.11,1.00,1.00,10.85,10.85,142.59,13.70,43.39,1.44,12.24,51189.00,0.16,4.249404e+002,8.92
499,24.17,0.57,159.24,157.97,154.26,0.68,0.84,1.19,5.55,6.44,1.00,1.00,6.88,6.88,154.06,8.25,27.52,1.06,5.95,25574.00,0.14,8.937008e+001,3.59
500,22.70,0.58,144.43,138.46,137.55,0.72,0.86,1.18,5.38,6.15,1.00,1.00,6.72,6.72,132.16,8.03,26.87,1.07,9.08,21014.00,0.13,8.134761e+001,3.68
501,91.10,0.62,161.27,161.43,161.81,0.53,0.79,3.41,10.77,14.16,8.59,0.12,34.44,4.01,161.23,17.99,76.89,1.51,36.34,72876.00,0.24,6.541009e+002,9.28
502,87.88,0.95,148.82,157.73,163.11,0.91,0.99,1.16,10.58,11.91,1.00,1.00,11.63,11.63,152.34,12.56,46.52,1.43,15.86,66877.00,0.11,6.197331e+002,10.91
503,21.87,0.66,152.30,157.37,166.91,0.53,0.59,3.33,5.28,8.07,8.34,0.12,19.87,2.38,159.39,9.92,44.50,1.41,16.28,24705.00,0.35,7.691247e+001,6.01
504,76.58,0.68,124.11,133.48,133.98,0.68,0.88,1.54,9.87,11.57,2.41,0.41,17.01,7.05,132.30,14.13,48.14,1.14,32.22,51993.00,0.15,5.041385e+002,9.74
505,26.50,0.99,157.58,149.34,146.12,0.90,0.99,1.18,5.81,6.43,1.00,1.00,7.07,7.07,149.31,6.70,28.30,1.09,42.32,26428.00,0.10,1.026362e+002,6.11
506,136.36,0.47,121.07,123.51,126.46,0.45,0.72,2.45,13.18,17.17,5.52,0.18,32.60,5.91,123.91,23.41,77.03,1.28,31.30,78185.00,0.23,1.197841e+003,9.82
507,39.96,0.50,153.99,148.86,148.49,0.61,0.79,1.25,7.13,8.44,1.00,1.00,8.46,8.46,146.08,11.33,33.82,1.05,6.74,34766.00,0.16,1.900144e+002,4.14
508,116.70,0.65,173.07,166.87,160.07,0.52,0.85,2.30,12.19,14.41,5.01,0.20,29.12,5.81,165.53,16.43,69.86,1.36,47.63,91706.00,0.15,9.483798e+002,11.28
509,63.53,0.97,163.58,164.15,165.10,0.72,0.91,1.94,8.99,11.30,3.85,0.26,19.96,5.19,163.80,12.64,50.29,1.21,30.54,55527.00,0.20,3.809319e+002,10.42
510,20.42,0.83,175.31,164.02,168.31,0.83,0.95,1.38,5.10,6.05,1.76,0.57,8.92,5.07,164.98,7.06,27.97,1.13,43.15,24417.00,0.16,6.941586e+001,4.71
511,56.40,0.86,169.58,159.77,150.56,0.73,0.91,1.79,8.47,10.38,3.32,0.30,17.70,5.33,157.63,12.15,46.06,1.19,37.68,48708.00,0.18,3.186330e+002,9.03
512,61.86,0.62,114.10,120.48,124.40,0.66,0.86,1.69,8.87,11.57,2.99,0.33,18.74,6.27,120.88,14.32,50.02,1.67,35.31,40132.00,0.23,3.659921e+002,9.38
513,27.15,0.89,135.41,125.05,124.51,0.91,0.99,1.03,5.88,6.46,1.00,1.00,6.83,6.83,118.86,7.06,27.33,1.24,13.38,21394.00,0.09,1.063919e+002,5.80
514,195.52,0.76,124.00,140.94,138.33,0.75,0.94,1.68,15.78,17.58,2.94,0.34,27.73,9.45,138.21,20.26,74.36,1.21,42.99,118581.00,0.10,2.056573e+003,14.05
515,45.44,0.68,146.89,143.85,136.87,0.72,0.90,1.47,7.61,8.93,2.13,0.47,13.07,6.12,142.11,11.51,38.38,1.13,46.30,37232.00,0.15,2.304116e+002,6.91
516,111.89,0.72,134.59,138.80,137.77,0.72,0.92,1.55,11.94,13.64,2.46,0.41,20.06,8.14,138.03,16.36,56.41,1.16,48.39,73845.00,0.13,8.903515e+002,10.80
517,20.83,0.58,142.32,140.12,135.67,0.48,0.52,4.81,5.15,8.92,13.04,0.08,24.44,1.87,139.05,11.10,52.63,1.53,11.59,20858.00,0.42,7.152309e+001,6.26
518,180.26,0.83,159.38,164.29,165.11,0.78,0.97,1.54,15.15,16.47,2.44,0.41,24.41,10.01,163.95,17.69,68.83,1.19,49.37,131162.00,0.08,1.820599e+003,14.39
519,90.85,0.93,136.92,138.37,137.92,0.89,0.99,1.15,10.76,12.23,1.00,1.00,11.87,11.87,132.64,13.16,47.49,1.55,10.49,59820.00,0.12,6.514312e+002,11.19
